sample,x,y,r
1,0,0,NA
2,0,0,NA
3,0,0,NA
4,0,0,NA
5,98,87,NA
6,97,87,NA
7,98,87,NA
8,97,87,NA
9,98,87,NA
10,97,87,NA
11,98,87,NA
12,97,87,NA
13,98,87,NA
14,97,87,NA
15,98,87,NA
16,97,87,NA
17,98,87,NA
18,97,87,NA
19,98,87,NA
20,97,87,NA
21,98,87,NA
22,97,87,NA
23,98,87,NA
24,97,87,NA
25,98,87,NA
26,97,87,NA
27,98,87,NA
28,97,87,NA
29,98,87,NA
30,97,87,NA
31,98,87,NA
32,97,87,NA
33,98,87,NA
34,97,87,NA
35,98,87,NA
36,97,87,NA
37,98,87,NA
38,97,87,NA
39,98,87,NA
40,97,87,NA
41,98,87,NA
42,97,87,NA
43,98,87,NA
44,97,87,NA
45,98,87,NA
46,97,87,NA
47,98,87,NA
48,97,87,NA
49,98,87,NA
50,97,87,NA
51,98,87,NA
52,97,87,NA
53,98,87,NA
54,97,87,NA
55,98,87,NA
56,97,87,NA
57,98,87,NA
58,97,87,NA
59,98,87,NA
60,97,87,NA
61,98,87,NA
62,97,87,NA
63,98,87,NA
64,97,87,NA
65,98,87,NA
66,97,87,NA
67,98,87,NA
68,97,87,NA
69,98,87,NA
70,97,87,NA
71,98,87,NA
72,97,87,NA
73,98,87,NA
74,97,87,NA
75,98,87,NA
76,97,87,NA
77,98,87,NA
78,97,87,NA
79,98,87,NA
80,97,87,NA
81,98,87,NA
82,97,87,NA
83,98,87,NA
84,97,87,NA
85,98,87,NA
86,97,87,NA
87,98,87,NA
88,97,87,NA
89,98,87,NA
90,97,87,NA
91,98,87,NA
92,97,87,NA
93,98,87,NA
94,97,87,NA
95,98,87,NA
96,97,87,NA
97,98,87,NA
98,97,87,NA
99,98,87,NA
100,97,87,NA
101,98,87,NA
102,97,87,NA
103,98,87,NA
104,97,87,NA
105,98,87,NA
106,97,87,NA
107,98,87,NA
108,97,87,NA
109,98,87,NA
110,97,87,NA
111,98,87,NA
112,97,87,NA
113,98,87,NA
114,97,87,NA
115,98,87,NA
116,97,87,NA
117,98,87,NA
118,97,87,NA
119,98,87,NA
120,97,87,NA
121,98,87,NA
122,97,87,NA
123,98,87,NA
124,97,87,NA
125,98,87,NA
126,97,87,NA
127,98,87,NA
128,97,87,NA
129,98,87,NA
130,97,87,NA
131,98,87,NA
132,97,87,NA
133,98,87,NA
134,97,87,NA
135,98,87,NA
136,97,87,NA
137,98,87,NA
138,97,87,NA
139,98,87,NA
140,97,87,NA
141,98,87,NA
142,97,87,NA
143,98,87,NA
144,97,87,NA
145,98,87,NA
146,97,87,NA
147,98,87,NA
148,97,87,NA
149,98,87,NA
150,97,87,NA
151,98,87,NA
152,97,87,NA
153,98,87,NA
154,97,87,NA
155,98,87,NA
156,97,87,NA
157,98,87,NA
158,97,87,NA
159,98,87,NA
160,0,0,NA
161,0,0,NA
162,0,0,NA
163,0,0,NA
164,0,0,NA
165,0,0,NA
166,97,87,NA
167,98,85,NA
168,97,83,NA
169,98,85,NA
170,97,85,NA
171,98,83,NA
172,97,85,NA
173,98,83,NA
174,97,85,NA
175,98,83,NA
176,97,85,NA
177,98,83,NA
178,97,85,NA
179,98,83,NA
180,97,85,NA
181,98,83,NA
182,97,85,NA
183,98,83,NA
184,97,85,NA
185,98,83,NA
186,97,85,NA
187,98,83,NA
188,97,85,NA
189,98,83,NA
190,97,85,NA
191,98,83,NA
192,97,85,NA
193,98,83,NA
194,97,85,NA
195,98,83,NA
196,97,85,NA
197,98,83,NA
198,97,85,NA
199,98,83,NA
200,97,85,NA
201,98,83,NA
202,97,85,NA
203,98,83,NA
204,97,85,NA
205,98,83,NA
206,97,85,NA
207,98,83,NA
208,97,85,NA
209,98,83,NA
210,97,85,NA
211,98,83,NA
212,97,85,NA
213,98,83,NA
214,97,85,NA
215,98,83,NA
216,97,85,NA
217,98,83,NA
218,97,85,NA
219,98,83,NA
220,97,85,NA
221,98,83,NA
222,97,85,NA
223,98,83,NA
224,97,85,NA
225,98,83,NA
226,97,85,NA
227,98,83,NA
228,97,85,NA
229,98,83,NA
230,97,85,NA
231,98,83,NA
232,97,85,NA
233,98,83,NA
234,97,85,NA
235,98,83,NA
236,97,85,NA
237,98,83,NA
238,97,85,NA
239,98,83,NA
240,97,85,NA
241,98,83,NA
242,97,85,NA
243,98,83,NA
244,97,85,NA
245,98,83,NA
246,97,85,NA
247,98,83,NA
248,97,85,NA
249,98,83,NA
250,97,85,NA
251,98,83,NA
252,97,85,NA
253,98,83,NA
254,97,85,NA
255,98,83,NA
256,97,85,NA
257,98,83,NA
258,97,85,NA
259,98,83,NA
260,97,85,NA
261,98,83,NA
262,97,85,NA
263,98,83,NA
264,97,85,NA
265,98,83,NA
266,97,85,NA
267,98,83,NA
268,97,85,NA
269,98,83,NA
270,97,85,NA
271,98,83,NA
272,97,85,NA
273,98,83,NA
274,97,85,NA
275,98,83,NA
276,97,85,NA
277,98,83,NA
278,97,85,NA
279,98,83,NA
280,97,85,NA
281,98,83,NA
282,97,85,NA
283,98,83,NA
284,97,85,NA
285,98,83,NA
286,97,85,NA
287,98,83,NA
288,97,85,NA
289,98,83,NA
290,97,85,NA
291,98,83,NA
292,97,85,NA
293,98,83,NA
294,97,85,NA
295,98,83,NA
296,97,85,NA
297,98,83,NA
298,97,85,NA
299,98,83,NA
300,97,85,NA
301,98,83,NA
302,97,85,NA
303,98,83,NA
304,97,85,NA
305,98,83,NA
306,97,85,NA
307,98,83,NA
308,97,85,NA
309,98,83,NA
310,97,85,NA
311,98,83,NA
312,97,85,NA
313,98,83,NA
314,97,85,NA
315,98,83,NA
316,97,85,NA
317,98,83,NA
318,97,85,NA
319,98,83,NA
320,97,85,NA
321,98,83,NA
322,97,85,NA
323,98,83,NA
324,97,85,NA
325,98,83,NA
326,97,85,NA
327,98,83,NA
328,97,85,NA
329,98,83,NA
330,97,85,NA
331,98,85,NA
332,97,83,NA
333,98,85,NA
334,97,83,NA
335,98,85,NA
336,97,83,NA
337,98,85,NA
338,97,83,NA
339,98,85,NA
340,97,83,NA
341,98,85,NA
342,97,83,NA
343,98,85,NA
344,97,83,NA
345,98,85,NA
346,97,83,NA
347,98,85,NA
348,97,83,NA
349,98,85,NA
350,97,83,NA
351,98,85,NA
352,97,83,NA
353,98,85,NA
354,97,83,NA
355,98,85,NA
356,97,83,NA
357,98,85,NA
358,97,83,NA
359,98,85,NA
360,97,83,NA
361,98,85,NA
362,97,83,NA
363,98,85,NA
364,97,83,NA
365,98,85,NA
366,97,83,NA
367,98,85,NA
368,97,83,NA
369,98,85,NA
370,97,83,NA
371,98,85,NA
372,97,83,NA
373,98,85,NA
374,97,83,NA
375,96,85,NA
376,0,0,NA
377,0,0,NA
378,0,0,NA
379,0,0,NA
380,0,0,NA
381,0,0,NA
382,0,0,NA
383,0,0,NA
384,0,0,NA
385,95,83,NA
386,98,85,NA
387,97,83,NA
388,98,85,NA
389,97,81,NA
390,98,81,NA
391,97,81,NA
392,98,81,NA
393,97,81,NA
394,98,81,NA
395,97,81,NA
396,98,81,NA
397,97,81,NA
398,98,81,NA
399,97,81,NA
400,98,81,NA
401,97,81,NA
402,98,81,NA
403,97,81,NA
404,98,81,NA
405,97,81,NA
406,98,81,NA
407,97,81,NA
408,98,81,NA
409,97,81,NA
410,98,81,NA
411,97,81,NA
412,98,81,NA
413,97,81,NA
414,98,81,NA
415,97,81,NA
416,98,81,NA
417,97,81,NA
418,98,81,NA
419,97,81,NA
420,98,81,NA
421,97,81,NA
422,98,81,NA
423,97,81,NA
424,98,81,NA
425,97,81,NA
426,98,81,NA
427,97,81,NA
428,98,81,NA
429,97,81,NA
430,98,81,NA
431,97,81,NA
432,98,81,NA
433,97,81,NA
434,98,81,NA
435,97,81,NA
436,98,81,NA
437,97,81,NA
438,98,81,NA
439,97,81,NA
440,98,81,NA
441,97,81,NA
442,98,81,NA
443,97,81,NA
444,98,81,NA
445,97,81,NA
446,98,81,NA
447,97,81,NA
448,98,81,NA
449,97,81,NA
450,98,81,NA
451,97,81,NA
452,98,81,NA
453,97,81,NA
454,98,81,NA
455,97,81,NA
456,98,81,NA
457,97,81,NA
458,100,81,NA
459,103,81,NA
460,104,81,NA
461,103,81,NA
462,104,81,NA
463,103,81,NA
464,104,81,NA
465,103,81,NA
466,104,81,NA
467,103,81,NA
468,100,81,NA
469,103,81,NA
470,104,81,NA
471,105,81,NA
472,106,81,NA
473,105,81,NA
474,106,81,NA
475,105,81,NA
476,106,81,NA
477,105,81,NA
478,106,81,NA
479,105,81,NA
480,106,81,NA
481,105,81,NA
482,106,81,NA
483,105,81,NA
484,106,81,NA
485,105,81,NA
486,106,81,NA
487,105,81,NA
488,106,81,NA
489,105,81,NA
490,106,81,NA
491,105,81,NA
492,106,81,NA
493,105,81,NA
494,106,81,NA
495,105,81,NA
496,106,81,NA
497,105,81,NA
498,106,81,NA
499,105,81,NA
500,106,81,NA
501,105,81,NA
502,106,81,NA
503,105,81,NA
504,106,81,NA
505,105,81,NA
506,106,81,NA
507,105,81,NA
508,106,81,NA
509,105,81,NA
510,106,81,NA
511,105,81,NA
512,106,81,NA
513,105,81,NA
514,106,81,NA
515,105,81,NA
516,106,81,NA
517,105,81,NA
518,106,81,NA
519,105,81,NA
520,106,81,NA
521,105,81,NA
522,106,81,NA
523,105,81,NA
524,106,81,NA
525,105,81,NA
526,106,81,NA
527,105,81,NA
528,106,81,NA
529,105,81,NA
530,106,81,NA
531,105,81,NA
532,106,81,NA
533,105,81,NA
534,106,81,NA
535,105,81,NA
536,106,81,NA
537,105,81,NA
538,106,81,NA
539,105,81,NA
540,106,81,NA
541,105,81,NA
542,106,81,NA
543,105,81,NA
544,106,81,NA
545,105,81,NA
546,106,81,NA
547,105,81,NA
548,106,81,NA
549,105,81,NA
550,106,81,NA
551,105,81,NA
552,106,81,NA
553,105,81,NA
554,106,81,NA
555,105,81,NA
556,106,81,NA
557,105,81,NA
558,106,81,NA
559,105,81,NA
560,106,81,NA
561,105,81,NA
562,106,81,NA
563,105,81,NA
564,106,81,NA
565,105,81,NA
566,106,81,NA
567,105,81,NA
568,106,81,NA
569,105,81,NA
570,106,81,NA
571,105,81,NA
572,106,81,NA
573,105,81,NA
574,106,81,NA
575,105,81,NA
576,106,81,NA
577,105,81,NA
578,106,81,NA
579,105,81,NA
580,106,81,NA
581,105,81,NA
582,106,81,NA
583,105,81,NA
584,106,81,NA
585,105,81,NA
586,102,81,NA
587,99,81,NA
588,100,81,NA
589,99,81,NA
590,100,81,NA
591,99,81,NA
592,100,81,NA
593,99,81,NA
594,104,81,NA
595,101,81,NA
596,100,81,NA
597,99,81,NA
598,100,81,NA
599,99,81,NA
600,100,81,NA
601,99,81,NA
602,100,81,NA
603,99,81,NA
604,100,81,NA
605,99,81,NA
606,100,81,NA
607,99,81,NA
608,100,81,NA
609,99,81,NA
610,100,81,NA
611,99,81,NA
612,100,81,NA
613,99,81,NA
614,100,81,NA
615,99,81,NA
616,100,81,NA
617,99,81,NA
618,100,81,NA
619,99,81,NA
620,100,81,NA
621,99,81,NA
622,100,81,NA
623,101,81,NA
624,102,81,NA
625,101,81,NA
626,102,81,NA
627,99,81,NA
628,100,81,NA
629,99,81,NA
630,100,81,NA
631,99,81,NA
632,100,81,NA
633,99,81,NA
634,100,81,NA
635,99,81,NA
636,100,81,NA
637,99,81,NA
638,100,81,NA
639,99,81,NA
640,100,81,NA
641,99,81,NA
642,100,81,NA
643,99,81,NA
644,100,81,NA
645,99,81,NA
646,100,81,NA
647,99,81,NA
648,100,81,NA
649,99,81,NA
650,98,83,NA
651,97,85,NA
652,98,83,NA
653,97,83,NA
654,98,83,NA
655,97,83,NA
656,98,83,NA
657,99,83,NA
658,100,83,NA
659,99,81,NA
660,100,81,NA
661,99,81,NA
662,100,81,NA
663,99,81,NA
664,100,81,NA
665,99,81,NA
666,100,81,NA
667,99,81,NA
668,100,81,NA
669,99,81,NA
670,100,81,NA
671,99,81,NA
672,100,81,NA
673,99,81,NA
674,100,81,NA
675,99,83,NA
676,100,83,NA
677,99,83,NA
678,100,83,NA
679,99,83,NA
680,100,83,NA
681,99,83,NA
682,100,83,NA
683,99,83,NA
684,100,83,NA
685,99,83,NA
686,100,83,NA
687,99,83,NA
688,100,83,NA
689,99,83,NA
690,100,83,NA
691,99,83,NA
692,100,83,NA
693,99,83,NA
694,100,83,NA
695,99,83,NA
696,100,83,NA
697,99,83,NA
698,100,83,NA
699,99,83,NA
700,100,83,NA
701,99,83,NA
702,100,83,NA
703,99,83,NA
704,100,83,NA
705,99,83,NA
706,100,83,NA
707,99,83,NA
708,100,83,NA
709,99,83,NA
710,100,83,NA
711,99,83,NA
712,100,83,NA
713,99,83,NA
714,100,83,NA
715,99,83,NA
716,100,83,NA
717,99,83,NA
718,100,83,NA
719,99,83,NA
720,100,83,NA
721,99,83,NA
722,100,83,NA
723,99,83,NA
724,100,83,NA
725,99,83,NA
726,100,83,NA
727,99,83,NA
728,100,83,NA
729,99,83,NA
730,100,83,NA
731,99,83,NA
732,100,83,NA
733,99,83,NA
734,100,83,NA
735,99,83,NA
736,100,83,NA
737,99,83,NA
738,100,83,NA
739,99,83,NA
740,100,83,NA
741,99,83,NA
742,100,83,NA
743,99,83,NA
744,100,83,NA
745,99,83,NA
746,100,83,NA
747,99,83,NA
748,100,83,NA
749,99,83,NA
750,100,83,NA
751,99,83,NA
752,100,83,NA
753,99,83,NA
754,100,83,NA
755,99,83,NA
756,100,83,NA
757,99,83,NA
758,100,83,NA
759,99,83,NA
760,100,83,NA
761,99,83,NA
762,100,83,NA
763,99,83,NA
764,100,83,NA
765,99,83,NA
766,100,83,NA
767,99,83,NA
768,100,83,NA
769,99,83,NA
770,100,83,NA
771,99,83,NA
772,100,83,NA
773,99,83,NA
774,100,83,NA
775,99,83,NA
776,100,83,NA
777,99,83,NA
778,100,83,NA
779,99,83,NA
780,100,83,NA
781,99,83,NA
782,100,83,NA
783,99,83,NA
784,100,83,NA
785,99,83,NA
786,100,83,NA
787,99,83,NA
788,100,83,NA
789,99,83,NA
790,100,83,NA
791,99,83,NA
792,100,83,NA
793,99,83,NA
794,100,83,NA
795,99,83,NA
796,100,83,NA
797,99,83,NA
798,98,83,NA
799,97,83,NA
800,98,83,NA
801,97,83,NA
802,98,83,NA
803,97,83,NA
804,98,83,NA
805,97,83,NA
806,98,83,NA
807,97,83,NA
808,98,83,NA
809,97,83,NA
810,98,83,NA
811,99,83,NA
812,100,83,NA
813,99,83,NA
814,100,83,NA
815,99,83,NA
816,100,83,NA
817,99,83,NA
818,100,83,NA
819,99,83,NA
820,100,83,NA
821,99,83,NA
822,100,83,NA
823,99,83,NA
824,100,83,NA
825,99,83,NA
826,100,83,NA
827,99,83,NA
828,100,83,NA
829,99,83,NA
830,100,83,NA
831,99,83,NA
832,100,83,NA
833,99,83,NA
834,100,83,NA
835,99,83,NA
836,100,83,NA
837,99,83,NA
838,100,83,NA
839,99,83,NA
840,100,83,NA
841,99,83,NA
842,100,83,NA
843,99,83,NA
844,100,83,NA
845,99,83,NA
846,100,83,NA
847,99,83,NA
848,100,83,NA
849,99,83,NA
850,100,83,NA
851,99,83,NA
852,100,83,NA
853,99,83,NA
854,100,83,NA
855,99,83,NA
856,100,83,NA
857,99,83,NA
858,100,83,NA
859,99,83,NA
860,100,83,NA
861,99,83,NA
862,100,83,NA
863,99,83,NA
864,100,83,NA
865,99,83,NA
866,100,83,NA
867,99,83,NA
868,100,83,NA
869,99,83,NA
870,100,83,NA
871,99,83,NA
872,100,83,NA
873,99,83,NA
874,100,83,NA
875,99,83,NA
876,100,83,NA
877,99,83,NA
878,100,83,NA
879,99,83,NA
880,100,83,NA
881,99,83,NA
882,100,83,NA
883,99,83,NA
884,100,83,NA
885,99,83,NA
886,100,83,NA
887,99,83,NA
888,100,83,NA
889,99,83,NA
890,100,83,NA
891,99,83,NA
892,100,83,NA
893,99,83,NA
894,100,83,NA
895,99,83,NA
896,100,83,NA
897,99,83,NA
898,100,83,NA
899,99,83,NA
900,100,83,NA
901,99,83,NA
902,100,83,NA
903,99,83,NA
904,100,83,NA
905,99,83,NA
906,100,83,NA
907,99,83,NA
908,100,83,NA
909,99,83,NA
910,100,83,NA
911,99,83,NA
912,100,83,NA
913,99,83,NA
914,100,83,NA
915,99,83,NA
916,100,83,NA
917,99,83,NA
918,100,83,NA
919,99,83,NA
920,100,83,NA
921,99,83,NA
922,100,83,NA
923,99,83,NA
924,100,83,NA
925,103,83,NA
926,104,83,NA
927,99,83,NA
928,104,83,NA
929,103,83,NA
930,104,83,NA
931,103,83,NA
932,104,83,NA
933,103,83,NA
934,104,83,NA
935,103,83,NA
936,106,83,NA
937,105,83,NA
938,106,83,NA
939,105,83,NA
940,106,83,NA
941,105,83,NA
942,106,83,NA
943,105,83,NA
944,106,83,NA
945,105,83,NA
946,106,83,NA
947,105,83,NA
948,106,83,NA
949,105,83,NA
950,106,83,NA
951,105,83,NA
952,106,83,NA
953,105,83,NA
954,106,83,NA
955,105,83,NA
956,106,83,NA
957,105,83,NA
958,106,83,NA
959,105,83,NA
960,106,83,NA
961,105,83,NA
962,106,83,NA
963,105,83,NA
964,106,83,NA
965,105,83,NA
966,106,83,NA
967,105,83,NA
968,106,83,NA
969,105,83,NA
970,106,83,NA
971,105,83,NA
972,106,83,NA
973,105,83,NA
974,106,83,NA
975,105,83,NA
976,106,83,NA
977,105,83,NA
978,106,83,NA
979,105,83,NA
980,106,83,NA
981,105,83,NA
982,106,83,NA
983,105,83,NA
984,106,83,NA
985,105,83,NA
986,106,83,NA
987,105,83,NA
988,106,83,NA
989,105,83,NA
990,106,83,NA
991,105,83,NA
992,106,83,NA
993,105,83,NA
994,106,83,NA
995,105,83,NA
996,106,83,NA
997,105,83,NA
998,106,83,NA
999,105,83,NA
1000,106,83,NA
1001,105,83,NA
1002,106,83,NA
1003,105,83,NA
1004,106,83,NA
1005,105,83,NA
1006,106,83,NA
1007,105,83,NA
1008,106,83,NA
1009,105,83,NA
1010,106,83,NA
1011,105,83,NA
1012,106,83,NA
1013,105,83,NA
1014,106,83,NA
1015,105,83,NA
1016,106,83,NA
1017,105,83,NA
1018,106,83,NA
1019,105,83,NA
1020,106,83,NA
1021,105,83,NA
1022,106,83,NA
1023,105,83,NA
1024,106,83,NA
1025,105,83,NA
1026,106,83,NA
1027,105,83,NA
1028,106,83,NA
1029,105,83,NA
1030,106,83,NA
1031,101,83,NA
1032,100,83,NA
1033,99,83,NA
1034,100,83,NA
1035,99,83,NA
1036,100,85,NA
1037,99,83,NA
1038,100,85,NA
1039,99,83,NA
1040,100,85,NA
1041,99,83,NA
1042,100,85,NA
1043,99,83,NA
1044,98,85,NA
1045,97,83,NA
1046,100,85,NA
1047,99,83,NA
1048,98,85,NA
1049,97,83,NA
1050,98,85,NA
1051,0,0,NA
1052,97,83,NA
1053,0,0,NA
1054,0,0,NA
1055,0,0,NA
1056,0,0,NA
1057,0,0,NA
1058,0,0,NA
1059,0,0,NA
1060,0,0,NA
1061,0,0,NA
1062,0,0,NA
1063,0,0,NA
1064,98,85,NA
1065,97,81,NA
1066,98,81,NA
1067,97,81,NA
1068,98,81,NA
1069,97,83,NA
1070,0,0,NA
1071,0,0,NA
1072,0,0,NA
1073,0,0,NA
1074,0,0,NA
1075,0,0,NA
1076,0,0,NA
1077,0,0,NA
1078,98,85,NA
1079,97,81,NA
1080,98,81,NA
1081,97,81,NA
1082,98,81,NA
1083,97,81,NA
1084,98,81,NA
1085,97,81,NA
1086,98,81,NA
1087,97,81,NA
1088,98,81,NA
1089,97,81,NA
1090,98,81,NA
1091,97,81,NA
1092,98,81,NA
1093,97,81,NA
1094,98,81,NA
1095,97,81,NA
1096,98,81,NA
1097,97,81,NA
1098,98,81,NA
1099,97,81,NA
1100,98,81,NA
1101,97,81,NA
1102,98,81,NA
1103,97,81,NA
1104,98,81,NA
1105,97,81,NA
1106,98,81,NA
1107,97,81,NA
1108,98,81,NA
1109,97,81,NA
1110,98,81,NA
1111,97,81,NA
1112,98,81,NA
1113,97,81,NA
1114,98,81,NA
1115,97,81,NA
1116,98,81,NA
1117,97,81,NA
1118,98,81,NA
1119,97,81,NA
1120,98,81,NA
1121,97,81,NA
1122,98,81,NA
1123,97,81,NA
1124,98,81,NA
1125,97,81,NA
1126,98,81,NA
1127,97,81,NA
1128,98,81,NA
1129,97,81,NA
1130,98,81,NA
1131,97,81,NA
1132,98,81,NA
1133,97,81,NA
1134,98,81,NA
1135,97,81,NA
1136,98,81,NA
1137,97,81,NA
1138,98,81,NA
1139,97,81,NA
1140,98,81,NA
1141,97,81,NA
1142,98,81,NA
1143,97,81,NA
1144,98,81,NA
1145,97,81,NA
1146,98,81,NA
1147,0,0,NA
1148,95,81,NA
1149,0,0,NA
1150,0,0,NA
1151,0,0,NA
1152,0,0,NA
1153,0,0,NA
1154,0,0,NA
1155,96,83,NA
1156,97,83,NA
1157,98,83,NA
1158,97,81,NA
1159,0,0,NA
1160,98,81,NA
1161,97,81,NA
1162,98,81,NA
1163,97,81,NA
1164,98,81,NA
1165,97,81,NA
1166,98,81,NA
1167,97,81,NA
1168,98,81,NA
1169,97,81,NA
1170,98,81,NA
1171,97,81,NA
1172,98,81,NA
1173,97,81,NA
1174,98,81,NA
1175,97,81,NA
1176,98,81,NA
1177,97,81,NA
1178,98,81,NA
1179,97,81,NA
1180,98,81,NA
1181,97,81,NA
1182,98,81,NA
1183,97,81,NA
1184,98,81,NA
1185,97,81,NA
1186,98,81,NA
1187,97,81,NA
1188,98,81,NA
1189,97,81,NA
1190,98,81,NA
1191,97,81,NA
1192,98,81,NA
1193,97,81,NA
1194,98,81,NA
1195,97,81,NA
1196,98,81,NA
1197,97,81,NA
1198,98,81,NA
1199,97,81,NA
1200,98,81,NA
1201,97,81,NA
1202,98,81,NA
1203,97,81,NA
1204,98,81,NA
1205,97,81,NA
1206,98,81,NA
1207,97,81,NA
1208,98,81,NA
1209,97,81,NA
1210,98,81,NA
1211,97,81,NA
1212,98,81,NA
1213,97,81,NA
1214,98,81,NA
1215,97,81,NA
1216,98,81,NA
1217,97,81,NA
1218,98,81,NA
1219,97,81,NA
1220,98,81,NA
1221,97,81,NA
1222,98,81,NA
1223,97,81,NA
1224,98,81,NA
1225,97,81,NA
1226,98,81,NA
1227,97,81,NA
1228,98,81,NA
1229,97,81,NA
1230,98,81,NA
1231,97,81,NA
1232,98,81,NA
1233,97,81,NA
1234,98,81,NA
1235,97,81,NA
1236,98,81,NA
1237,97,81,NA
1238,98,81,NA
1239,97,81,NA
1240,98,81,NA
1241,95,81,NA
1242,94,81,NA
1243,93,81,NA
1244,92,81,NA
1245,91,81,NA
1246,92,81,NA
1247,91,81,NA
1248,92,81,NA
1249,91,81,NA
1250,92,81,NA
1251,91,81,NA
1252,92,81,NA
1253,91,81,NA
1254,92,81,NA
1255,91,81,NA
1256,92,81,NA
1257,91,81,NA
1258,92,81,NA
1259,91,81,NA
1260,92,81,NA
1261,91,81,NA
1262,92,81,NA
1263,91,81,NA
1264,92,81,NA
1265,91,81,NA
1266,92,81,NA
1267,91,81,NA
1268,92,81,NA
1269,91,81,NA
1270,92,81,NA
1271,91,81,NA
1272,92,81,NA
1273,91,81,NA
1274,92,81,NA
1275,91,81,NA
1276,92,81,NA
1277,91,81,NA
1278,92,81,NA
1279,91,81,NA
1280,92,81,NA
1281,91,81,NA
1282,92,81,NA
1283,91,81,NA
1284,92,81,NA
1285,91,81,NA
1286,92,81,NA
1287,91,81,NA
1288,92,81,NA
1289,91,81,NA
1290,92,81,NA
1291,91,81,NA
1292,92,81,NA
1293,91,81,NA
1294,92,81,NA
1295,91,81,NA
1296,92,81,NA
1297,91,81,NA
1298,92,81,NA
1299,91,81,NA
1300,92,81,NA
1301,91,81,NA
1302,92,81,NA
1303,91,81,NA
1304,92,81,NA
1305,91,81,NA
1306,92,81,NA
1307,91,81,NA
1308,92,81,NA
1309,91,81,NA
1310,92,81,NA
1311,91,81,NA
1312,92,81,NA
1313,91,81,NA
1314,92,81,NA
1315,91,81,NA
1316,92,81,NA
1317,91,81,NA
1318,92,81,NA
1319,91,81,NA
1320,92,81,NA
1321,91,81,NA
1322,92,81,NA
1323,91,81,NA
1324,92,81,NA
1325,91,81,NA
1326,92,81,NA
1327,91,81,NA
1328,92,81,NA
1329,91,81,NA
1330,92,81,NA
1331,91,81,NA
1332,92,81,NA
1333,91,81,NA
1334,92,81,NA
1335,91,81,NA
1336,92,81,NA
1337,91,81,NA
1338,92,81,NA
1339,91,81,NA
1340,92,81,NA
1341,91,81,NA
1342,92,81,NA
1343,91,81,NA
1344,92,81,NA
1345,91,81,NA
1346,92,81,NA
1347,91,81,NA
1348,92,81,NA
1349,91,81,NA
1350,92,81,NA
1351,91,81,NA
1352,92,81,NA
1353,91,81,NA
1354,92,81,NA
1355,95,81,NA
1356,92,81,NA
1357,95,81,NA
1358,96,81,NA
1359,95,81,NA
1360,96,81,NA
1361,95,81,NA
1362,96,81,NA
1363,95,81,NA
1364,96,81,NA
1365,95,81,NA
1366,98,81,NA
1367,97,81,NA
1368,98,81,NA
1369,97,81,NA
1370,98,81,NA
1371,97,81,NA
1372,98,81,NA
1373,97,81,NA
1374,98,81,NA
1375,97,81,NA
1376,98,81,NA
1377,97,81,NA
1378,98,81,NA
1379,97,81,NA
1380,98,81,NA
1381,97,81,NA
1382,98,81,NA
1383,97,81,NA
1384,98,81,NA
1385,97,81,NA
1386,98,81,NA
1387,97,81,NA
1388,98,81,NA
1389,97,81,NA
1390,98,81,NA
1391,97,81,NA
1392,98,81,NA
1393,97,81,NA
1394,98,81,NA
1395,97,81,NA
1396,98,81,NA
1397,97,81,NA
1398,98,81,NA
1399,97,81,NA
1400,98,81,NA
1401,97,81,NA
1402,98,81,NA
1403,97,81,NA
1404,98,81,NA
1405,97,81,NA
1406,98,81,NA
1407,97,81,NA
1408,98,81,NA
1409,97,81,NA
1410,98,81,NA
1411,97,81,NA
1412,98,81,NA
1413,97,81,NA
1414,98,81,NA
1415,97,81,NA
1416,98,81,NA
1417,97,81,NA
1418,98,81,NA
1419,97,81,NA
1420,98,81,NA
1421,97,81,NA
1422,98,81,NA
1423,97,81,NA
1424,98,81,NA
1425,97,81,NA
1426,98,81,NA
1427,97,81,NA
1428,98,81,NA
1429,97,81,NA
1430,98,81,NA
1431,97,81,NA
1432,98,81,NA
1433,97,81,NA
1434,98,81,NA
1435,97,81,NA
1436,98,81,NA
1437,97,81,NA
1438,98,81,NA
1439,97,81,NA
1440,98,81,NA
1441,97,81,NA
1442,98,81,NA
1443,97,81,NA
1444,98,81,NA
1445,97,81,NA
1446,98,81,NA
1447,97,81,NA
1448,98,81,NA
1449,97,81,NA
1450,98,81,NA
1451,97,81,NA
1452,98,81,NA
1453,97,81,NA
1454,98,81,NA
1455,97,81,NA
1456,96,81,NA
1457,95,81,NA
1458,96,81,NA
1459,95,81,NA
1460,96,81,NA
1461,95,81,NA
1462,96,81,NA
1463,97,81,NA
1464,98,79,NA
1465,97,81,NA
1466,98,81,NA
1467,0,0,NA
1468,0,0,NA
1469,0,0,NA
1470,0,0,NA
1471,0,0,NA
1472,0,0,NA
1473,97,83,NA
1474,96,83,NA
1475,97,83,NA
1476,98,83,NA
1477,97,83,NA
1478,96,83,NA
1479,97,83,NA
1480,98,83,NA
1481,97,83,NA
1482,98,83,NA
1483,97,83,NA
1484,98,83,NA
1485,97,83,NA
1486,98,83,NA
1487,97,83,NA
1488,98,83,NA
1489,97,83,NA
1490,98,83,NA
1491,97,83,NA
1492,98,83,NA
1493,97,83,NA
1494,98,83,NA
1495,97,83,NA
1496,98,83,NA
1497,97,83,NA
1498,98,83,NA
1499,97,83,NA
1500,98,83,NA
1501,97,83,NA
1502,98,83,NA
1503,97,83,NA
1504,98,83,NA
1505,97,83,NA
1506,98,83,NA
1507,97,83,NA
1508,98,83,NA
1509,97,83,NA
1510,98,83,NA
1511,97,83,NA
1512,98,83,NA
1513,97,83,NA
1514,98,83,NA
1515,97,83,NA
1516,98,83,NA
1517,97,83,NA
1518,98,83,NA
1519,97,83,NA
1520,98,83,NA
1521,97,83,NA
1522,98,83,NA
1523,97,83,NA
1524,98,83,NA
1525,97,83,NA
1526,98,83,NA
1527,97,83,NA
1528,98,83,NA
1529,97,83,NA
1530,98,83,NA
1531,97,83,NA
1532,98,83,NA
1533,97,83,NA
1534,98,83,NA
1535,97,83,NA
1536,98,83,NA
1537,97,83,NA
1538,98,83,NA
1539,97,83,NA
1540,98,83,NA
1541,97,83,NA
1542,98,83,NA
1543,97,83,NA
1544,98,83,NA
1545,97,83,NA
1546,98,83,NA
1547,97,83,NA
1548,98,83,NA
1549,97,83,NA
1550,98,83,NA
1551,97,83,NA
1552,98,83,NA
1553,97,83,NA
1554,98,83,NA
1555,97,83,NA
1556,98,83,NA
1557,97,83,NA
1558,98,83,NA
1559,97,83,NA
1560,98,83,NA
1561,97,83,NA
1562,98,83,NA
1563,97,83,NA
1564,98,83,NA
1565,97,83,NA
1566,98,83,NA
1567,97,83,NA
1568,98,83,NA
1569,97,83,NA
1570,98,83,NA
1571,97,83,NA
1572,98,83,NA
1573,97,83,NA
1574,98,83,NA
1575,97,83,NA
1576,98,83,NA
1577,97,83,NA
1578,98,83,NA
1579,97,83,NA
1580,98,83,NA
1581,97,83,NA
1582,98,83,NA
1583,97,83,NA
1584,98,83,NA
1585,97,83,NA
1586,98,83,NA
1587,97,83,NA
1588,98,83,NA
1589,97,83,NA
1590,98,83,NA
1591,97,83,NA
1592,98,83,NA
1593,97,83,NA
1594,98,83,NA
1595,97,83,NA
1596,98,83,NA
1597,97,83,NA
1598,98,83,NA
1599,97,83,NA
1600,98,83,NA
1601,97,83,NA
1602,98,83,NA
1603,97,83,NA
1604,98,83,NA
1605,97,83,NA
1606,98,83,NA
1607,97,83,NA
1608,96,83,NA
1609,95,83,NA
1610,96,83,NA
1611,95,83,NA
1612,96,83,NA
1613,97,83,NA
1614,98,83,NA
1615,97,83,NA
1616,98,83,NA
1617,97,83,NA
1618,98,83,NA
1619,97,83,NA
1620,98,83,NA
1621,97,83,NA
1622,98,83,NA
1623,97,83,NA
1624,98,83,NA
1625,97,83,NA
1626,98,83,NA
1627,97,83,NA
1628,98,83,NA
1629,97,83,NA
1630,98,83,NA
1631,97,83,NA
1632,98,83,NA
1633,97,83,NA
1634,98,83,NA
1635,97,83,NA
1636,98,83,NA
1637,97,83,NA
1638,98,83,NA
1639,97,83,NA
1640,98,83,NA
1641,97,83,NA
1642,98,83,NA
1643,97,83,NA
1644,98,83,NA
1645,97,83,NA
1646,98,83,NA
1647,97,83,NA
1648,98,83,NA
1649,97,83,NA
1650,98,83,NA
1651,97,83,NA
1652,98,83,NA
1653,97,83,NA
1654,98,83,NA
1655,97,83,NA
1656,98,83,NA
1657,97,83,NA
1658,98,83,NA
1659,97,83,NA
1660,98,83,NA
1661,97,83,NA
1662,98,83,NA
1663,97,83,NA
1664,98,83,NA
1665,97,83,NA
1666,98,83,NA
1667,97,83,NA
1668,98,83,NA
1669,97,83,NA
1670,98,83,NA
1671,97,83,NA
1672,98,83,NA
1673,97,83,NA
1674,98,83,NA
1675,97,83,NA
1676,98,83,NA
1677,97,83,NA
1678,98,83,NA
1679,97,83,NA
1680,98,83,NA
1681,97,83,NA
1682,98,83,NA
1683,97,83,NA
1684,98,83,NA
1685,99,83,NA
1686,100,83,NA
1687,99,83,NA
1688,98,83,NA
1689,97,83,NA
1690,98,83,NA
1691,97,83,NA
1692,98,83,NA
1693,97,83,NA
1694,98,83,NA
1695,97,83,NA
1696,98,83,NA
1697,97,83,NA
1698,98,83,NA
1699,97,83,NA
1700,98,83,NA
1701,97,83,NA
1702,98,83,NA
1703,97,83,NA
1704,98,83,NA
1705,97,83,NA
1706,98,83,NA
1707,97,83,NA
1708,98,83,NA
1709,97,83,NA
1710,98,83,NA
1711,97,83,NA
1712,98,83,NA
1713,97,83,NA
1714,98,83,NA
1715,97,83,NA
1716,98,83,NA
1717,97,83,NA
1718,94,83,NA
1719,91,83,NA
1720,92,83,NA
1721,91,83,NA
1722,92,83,NA
1723,91,83,NA
1724,92,83,NA
1725,91,83,NA
1726,92,83,NA
1727,91,83,NA
1728,92,83,NA
1729,91,83,NA
1730,92,83,NA
1731,91,83,NA
1732,92,83,NA
1733,91,83,NA
1734,92,83,NA
1735,91,83,NA
1736,92,83,NA
1737,91,83,NA
1738,92,83,NA
1739,91,83,NA
1740,92,83,NA
1741,91,83,NA
1742,92,83,NA
1743,91,83,NA
1744,92,83,NA
1745,91,83,NA
1746,92,83,NA
1747,91,83,NA
1748,92,83,NA
1749,91,83,NA
1750,90,83,NA
1751,91,83,NA
1752,90,83,NA
1753,91,83,NA
1754,92,83,NA
1755,91,83,NA
1756,90,83,NA
1757,91,83,NA
1758,90,83,NA
1759,91,83,NA
1760,90,83,NA
1761,91,83,NA
1762,90,83,NA
1763,89,83,NA
1764,90,83,NA
1765,89,83,NA
1766,90,83,NA
1767,89,83,NA
1768,90,83,NA
1769,89,83,NA
1770,90,83,NA
1771,91,83,NA
1772,92,83,NA
1773,89,83,NA
1774,90,83,NA
1775,89,83,NA
1776,90,83,NA
1777,89,83,NA
1778,90,83,NA
1779,89,83,NA
1780,90,83,NA
1781,89,83,NA
1782,90,83,NA
1783,89,83,NA
1784,90,83,NA
1785,89,83,NA
1786,90,83,NA
1787,89,83,NA
1788,90,83,NA
1789,89,83,NA
1790,90,83,NA
1791,89,83,NA
1792,90,83,NA
1793,89,83,NA
1794,90,83,NA
1795,89,83,NA
1796,90,83,NA
1797,89,83,NA
1798,90,83,NA
1799,89,83,NA
1800,90,83,NA
1801,89,83,NA
1802,90,83,NA
1803,89,83,NA
1804,90,83,NA
1805,89,83,NA
1806,90,83,NA
1807,89,83,NA
1808,90,83,NA
1809,89,83,NA
1810,90,83,NA
1811,89,83,NA
1812,90,83,NA
1813,89,83,NA
1814,90,83,NA
1815,89,83,NA
1816,90,83,NA
1817,89,83,NA
1818,90,83,NA
1819,89,83,NA
1820,90,83,NA
1821,89,83,NA
1822,90,83,NA
1823,89,83,NA
1824,90,83,NA
1825,89,83,NA
1826,90,83,NA
1827,89,83,NA
1828,90,83,NA
1829,89,83,NA
1830,90,83,NA
1831,89,83,NA
1832,90,83,NA
1833,89,83,NA
1834,90,83,NA
1835,89,83,NA
1836,90,83,NA
1837,91,83,NA
1838,94,81,NA
1839,93,81,NA
1840,0,0,NA
1841,0,0,NA
1842,0,0,NA
1843,0,0,NA
1844,0,0,NA
1845,0,0,NA
1846,0,0,NA
1847,0,0,NA
1848,96,81,NA
1849,91,81,NA
1850,96,81,NA
1851,95,81,NA
1852,96,79,NA
1853,95,81,NA
1854,96,79,NA
1855,95,81,NA
1856,96,79,NA
1857,95,81,NA
1858,96,79,NA
1859,95,83,NA
1860,96,83,NA
1861,95,83,NA
1862,96,81,NA
1863,95,81,NA
1864,96,81,NA
1865,95,81,NA
1866,96,81,NA
1867,95,81,NA
1868,96,81,NA
1869,95,81,NA
1870,96,81,NA
1871,95,81,NA
1872,96,81,NA
1873,95,81,NA
1874,96,81,NA
1875,95,81,NA
1876,96,81,NA
1877,95,81,NA
1878,96,81,NA
1879,95,81,NA
1880,96,81,NA
1881,95,81,NA
1882,96,81,NA
1883,0,0,NA
1884,0,0,NA
1885,0,0,NA
1886,0,0,NA
1887,0,0,NA
1888,0,0,NA
1889,0,0,NA
1890,0,0,NA
1891,95,83,NA
1892,96,83,NA
1893,95,83,NA
1894,96,81,NA
1895,95,81,NA
1896,96,79,NA
1897,95,81,NA
1898,96,79,NA
1899,95,81,NA
1900,96,79,NA
1901,95,81,NA
1902,96,79,NA
1903,95,81,NA
1904,96,79,NA
1905,95,81,NA
1906,96,79,NA
1907,95,81,NA
1908,96,79,NA
1909,95,81,NA
1910,96,79,NA
1911,95,81,NA
1912,96,79,NA
1913,95,81,NA
1914,96,79,NA
1915,95,81,NA
1916,96,79,NA
1917,95,81,NA
1918,96,79,NA
1919,95,81,NA
1920,96,79,NA
1921,95,81,NA
1922,96,79,NA
1923,95,81,NA
1924,96,79,NA
1925,95,81,NA
1926,96,79,NA
1927,97,81,NA
1928,98,79,NA
1929,97,81,NA
1930,98,79,NA
1931,97,81,NA
1932,98,79,NA
1933,97,81,NA
1934,98,79,NA
1935,97,81,NA
1936,98,79,NA
1937,97,81,NA
1938,98,79,NA
1939,97,81,NA
1940,96,81,NA
1941,0,0,NA
1942,0,0,NA
1943,0,0,NA
1944,0,0,NA
1945,0,0,NA
1946,0,0,NA
1947,0,0,NA
1948,95,81,NA
1949,96,79,NA
1950,95,81,NA
1951,96,79,NA
1952,95,81,NA
1953,96,79,NA
1954,97,81,NA
1955,96,79,NA
1956,97,81,NA
1957,98,79,NA
1958,97,79,NA
1959,98,79,NA
1960,97,79,NA
1961,98,79,NA
1962,97,79,NA
1963,98,79,NA
1964,97,79,NA
1965,98,79,NA
1966,97,79,NA
1967,98,79,NA
1968,97,81,NA
1969,98,79,NA
1970,97,81,NA
1971,98,79,NA
1972,97,81,NA
1973,98,79,NA
1974,97,81,NA
1975,98,79,NA
1976,97,81,NA
1977,98,79,NA
1978,97,81,NA
1979,98,79,NA
1980,97,81,NA
1981,98,79,NA
1982,97,81,NA
1983,98,79,NA
1984,97,81,NA
1985,98,79,NA
1986,97,81,NA
1987,98,79,NA
1988,97,81,NA
1989,98,79,NA
1990,97,81,NA
1991,0,0,NA
1992,0,0,NA
1993,0,0,NA
1994,0,0,NA
1995,0,0,NA
1996,0,0,NA
1997,0,0,NA
1998,96,81,NA
1999,95,81,NA
2000,96,79,NA
2001,95,81,NA
2002,96,79,NA
2003,95,81,NA
2004,96,79,NA
2005,97,81,NA
2006,96,79,NA
2007,95,81,NA
2008,96,79,NA
2009,95,81,NA
2010,96,79,NA
2011,95,81,NA
2012,96,79,NA
2013,95,81,NA
2014,96,79,NA
2015,95,81,NA
2016,96,79,NA
2017,95,81,NA
2018,96,79,NA
2019,95,81,NA
2020,96,79,NA
2021,95,81,NA
2022,96,79,NA
2023,95,81,NA
2024,96,79,NA
2025,95,81,NA
2026,96,79,NA
2027,95,81,NA
2028,96,79,NA
2029,95,81,NA
2030,96,79,NA
2031,95,81,NA
2032,96,79,NA
2033,95,81,NA
2034,96,79,NA
2035,95,81,NA
2036,96,79,NA
2037,95,81,NA
2038,96,79,NA
2039,95,81,NA
2040,96,79,NA
2041,97,81,NA
2042,96,79,NA
2043,95,81,NA
2044,96,79,NA
2045,95,81,NA
2046,96,79,NA
2047,95,81,NA
2048,96,79,NA
2049,95,81,NA
2050,96,79,NA
2051,95,81,NA
2052,96,79,NA
2053,95,81,NA
2054,96,79,NA
2055,95,81,NA
2056,96,79,NA
2057,95,81,NA
2058,96,79,NA
2059,95,81,NA
2060,96,79,NA
2061,95,81,NA
2062,96,79,NA
2063,95,81,NA
2064,96,79,NA
2065,95,81,NA
2066,96,79,NA
2067,95,81,NA
2068,96,79,NA
2069,95,81,NA
2070,96,79,NA
2071,95,81,NA
2072,96,79,NA
2073,95,81,NA
2074,96,79,NA
2075,95,81,NA
2076,96,79,NA
2077,95,81,NA
2078,96,79,NA
2079,95,81,NA
2080,96,79,NA
2081,95,81,NA
2082,96,79,NA
2083,95,81,NA
2084,96,79,NA
2085,95,81,NA
2086,96,79,NA
2087,95,81,NA
2088,96,79,NA
2089,95,81,NA
2090,96,79,NA
2091,95,81,NA
2092,96,79,NA
2093,95,81,NA
2094,96,79,NA
2095,95,81,NA
2096,96,79,NA
2097,95,81,NA
2098,96,79,NA
2099,95,81,NA
2100,96,79,NA
2101,95,81,NA
2102,96,79,NA
2103,95,81,NA
2104,96,79,NA
2105,95,81,NA
2106,96,81,NA
2107,0,0,NA
2108,0,0,NA
2109,0,0,NA
2110,0,0,NA
2111,0,0,NA
2112,93,81,NA
2113,94,79,NA
2114,95,81,NA
2115,96,79,NA
2116,95,81,NA
2117,96,79,NA
2118,95,81,NA
2119,96,79,NA
2120,95,81,NA
2121,96,79,NA
2122,95,81,NA
2123,96,79,NA
2124,95,81,NA
2125,96,79,NA
2126,95,81,NA
2127,96,79,NA
2128,95,81,NA
2129,96,79,NA
2130,95,81,NA
2131,96,79,NA
2132,95,81,NA
2133,96,79,NA
2134,95,81,NA
2135,96,79,NA
2136,95,81,NA
2137,96,79,NA
2138,95,81,NA
2139,96,79,NA
2140,95,81,NA
2141,96,79,NA
2142,95,81,NA
2143,96,79,NA
2144,95,81,NA
2145,96,79,NA
2146,95,81,NA
2147,96,79,NA
2148,95,81,NA
2149,96,79,NA
2150,95,81,NA
2151,96,79,NA
2152,95,81,NA
2153,96,79,NA
2154,95,81,NA
2155,96,79,NA
2156,95,81,NA
2157,96,79,NA
2158,95,81,NA
2159,0,0,NA
2160,0,0,NA
2161,0,0,NA
2162,0,0,NA
2163,0,0,NA
2164,0,0,NA
2165,0,0,NA
2166,0,0,NA
2167,0,0,NA
2168,94,81,NA
2169,93,81,NA
2170,94,79,NA
2171,93,81,NA
2172,94,79,NA
2173,93,81,NA
2174,94,79,NA
2175,93,81,NA
2176,94,79,NA
2177,93,81,NA
2178,94,79,NA
2179,93,81,NA
2180,94,79,NA
2181,93,81,NA
2182,94,79,NA
2183,93,81,NA
2184,94,79,NA
2185,93,81,NA
2186,94,79,NA
2187,93,81,NA
2188,94,79,NA
2189,93,81,NA
2190,94,79,NA
2191,93,81,NA
2192,94,79,NA
2193,93,81,NA
2194,94,79,NA
2195,93,81,NA
2196,94,79,NA
2197,93,81,NA
2198,94,79,NA
2199,93,81,NA
2200,94,79,NA
2201,93,81,NA
2202,94,79,NA
2203,93,81,NA
2204,94,79,NA
2205,93,81,NA
2206,94,79,NA
2207,93,81,NA
2208,94,79,NA
2209,93,81,NA
2210,94,79,NA
2211,93,81,NA
2212,94,79,NA
2213,93,81,NA
2214,94,79,NA
2215,93,81,NA
2216,94,79,NA
2217,93,81,NA
2218,94,79,NA
2219,93,81,NA
2220,94,79,NA
2221,93,81,NA
2222,94,79,NA
2223,93,81,NA
2224,94,79,NA
2225,93,81,NA
2226,94,79,NA
2227,93,81,NA
2228,94,79,NA
2229,93,81,NA
2230,94,79,NA
2231,93,81,NA
2232,94,79,NA
2233,93,81,NA
2234,94,79,NA
2235,93,81,NA
2236,94,79,NA
2237,93,81,NA
2238,94,79,NA
2239,93,81,NA
2240,94,79,NA
2241,95,81,NA
2242,94,79,NA
2243,93,81,NA
2244,94,79,NA
2245,93,81,NA
2246,94,79,NA
2247,93,81,NA
2248,94,79,NA
2249,93,81,NA
2250,94,79,NA
2251,93,81,NA
2252,94,79,NA
2253,93,81,NA
2254,94,79,NA
2255,93,81,NA
2256,94,79,NA
2257,93,81,NA
2258,94,79,NA
2259,93,81,NA
2260,94,79,NA
2261,93,81,NA
2262,94,79,NA
2263,93,81,NA
2264,94,79,NA
2265,93,81,NA
2266,94,79,NA
2267,93,81,NA
2268,94,79,NA
2269,93,81,NA
2270,94,79,NA
2271,93,81,NA
2272,94,79,NA
2273,93,81,NA
2274,94,79,NA
2275,93,81,NA
2276,94,79,NA
2277,93,81,NA
2278,94,79,NA
2279,93,81,NA
2280,94,79,NA
2281,93,81,NA
2282,94,79,NA
2283,93,81,NA
2284,94,79,NA
2285,93,81,NA
2286,94,79,NA
2287,93,81,NA
2288,94,79,NA
2289,93,81,NA
2290,94,79,NA
2291,93,81,NA
2292,94,79,NA
2293,93,81,NA
2294,94,79,NA
2295,93,81,NA
2296,94,79,NA
2297,93,81,NA
2298,94,79,NA
2299,93,81,NA
2300,94,79,NA
2301,93,81,NA
2302,94,79,NA
2303,93,81,NA
2304,94,79,NA
2305,93,81,NA
2306,94,79,NA
2307,93,81,NA
2308,94,79,NA
2309,93,79,NA
2310,92,81,NA
2311,91,81,NA
2312,0,0,NA
2313,0,0,NA
2314,0,0,NA
2315,0,0,NA
2316,0,0,NA
2317,92,79,NA
2318,91,81,NA
2319,92,79,NA
2320,91,81,NA
2321,92,79,NA
2322,91,81,NA
2323,92,79,NA
2324,91,81,NA
2325,92,79,NA
2326,91,81,NA
2327,92,79,NA
2328,91,81,NA
2329,92,79,NA
2330,91,81,NA
2331,92,79,NA
2332,91,81,NA
2333,92,79,NA
2334,91,81,NA
2335,92,79,NA
2336,91,81,NA
2337,92,79,NA
2338,91,81,NA
2339,92,79,NA
2340,91,81,NA
2341,92,79,NA
2342,93,81,NA
2343,94,79,NA
2344,93,81,NA
2345,94,79,NA
2346,93,81,NA
2347,94,79,NA
2348,93,81,NA
2349,94,79,NA
2350,93,81,NA
2351,94,79,NA
2352,93,81,NA
2353,94,79,NA
2354,93,81,NA
2355,94,79,NA
2356,93,81,NA
2357,94,79,NA
2358,93,81,NA
2359,94,79,NA
2360,93,81,NA
2361,94,79,NA
2362,93,81,NA
2363,94,79,NA
2364,93,81,NA
2365,94,79,NA
2366,93,81,NA
2367,94,79,NA
2368,93,81,NA
2369,94,79,NA
2370,93,81,NA
2371,0,0,NA
2372,0,0,NA
2373,0,0,NA
2374,0,0,NA
2375,0,0,NA
2376,0,0,NA
2377,0,0,NA
2378,0,0,NA
2379,92,81,NA
2380,93,79,NA
2381,92,81,NA
2382,91,81,NA
2383,92,79,NA
2384,93,81,NA
2385,92,79,NA
2386,93,81,NA
2387,94,79,NA
2388,93,81,NA
2389,94,79,NA
2390,0,0,NA
2391,93,81,NA
2392,96,79,NA
2393,97,79,NA
2394,98,81,NA
2395,93,81,NA
2396,98,79,NA
2397,97,81,NA
2398,100,79,NA
2399,99,81,NA
2400,100,79,NA
2401,99,81,NA
2402,100,79,NA
2403,99,81,NA
2404,100,79,NA
2405,99,81,NA
2406,100,79,NA
2407,99,81,NA
2408,100,79,NA
2409,99,81,NA
2410,100,79,NA
2411,99,81,NA
2412,100,79,NA
2413,99,81,NA
2414,100,79,NA
2415,99,81,NA
2416,100,79,NA
2417,99,81,NA
2418,100,79,NA
2419,99,81,NA
2420,100,79,NA
2421,99,81,NA
2422,100,79,NA
2423,99,81,NA
2424,100,79,NA
2425,99,81,NA
2426,100,79,NA
2427,99,81,NA
2428,100,79,NA
2429,99,81,NA
2430,100,79,NA
2431,99,81,NA
2432,100,79,NA
2433,99,81,NA
2434,100,79,NA
2435,99,81,NA
2436,100,79,NA
2437,99,81,NA
2438,100,79,NA
2439,99,81,NA
2440,100,79,NA
2441,99,81,NA
2442,100,79,NA
2443,99,81,NA
2444,100,79,NA
2445,99,81,NA
2446,100,79,NA
2447,99,81,NA
2448,100,79,NA
2449,99,81,NA
2450,100,79,NA
2451,99,81,NA
2452,100,79,NA
2453,99,81,NA
2454,100,79,NA
2455,99,81,NA
2456,100,79,NA
2457,99,81,NA
2458,100,79,NA
2459,99,81,NA
2460,100,79,NA
2461,99,81,NA
2462,100,79,NA
2463,99,81,NA
2464,100,79,NA
2465,99,81,NA
2466,100,79,NA
2467,99,81,NA
2468,100,79,NA
2469,99,81,NA
2470,100,79,NA
2471,99,81,NA
2472,100,79,NA
2473,99,81,NA
2474,100,79,NA
2475,99,81,NA
2476,100,79,NA
2477,99,81,NA
2478,100,79,NA
2479,99,81,NA
2480,100,79,NA
2481,99,81,NA
2482,100,79,NA
2483,99,81,NA
2484,100,79,NA
2485,99,81,NA
2486,100,79,NA
2487,99,81,NA
2488,100,79,NA
2489,99,81,NA
2490,100,79,NA
2491,99,81,NA
2492,100,79,NA
2493,101,81,NA
2494,100,79,NA
2495,99,81,NA
2496,100,79,NA
2497,99,81,NA
2498,100,79,NA
2499,99,81,NA
2500,100,79,NA
2501,99,81,NA
2502,100,79,NA
2503,99,81,NA
2504,100,79,NA
2505,95,81,NA
2506,94,79,NA
2507,93,81,NA
2508,94,79,NA
2509,93,81,NA
2510,94,79,NA
2511,93,81,NA
2512,94,79,NA
2513,93,81,NA
2514,94,79,NA
2515,93,81,NA
2516,94,79,NA
2517,93,81,NA
2518,94,79,NA
2519,93,81,NA
2520,94,79,NA
2521,93,81,NA
2522,94,79,NA
2523,93,81,NA
2524,94,79,NA
2525,93,81,NA
2526,92,79,NA
2527,93,81,NA
2528,0,0,NA
2529,0,0,NA
2530,0,0,NA
2531,0,0,NA
2532,0,0,NA
2533,0,0,NA
2534,0,0,NA
2535,94,81,NA
2536,93,79,NA
2537,94,81,NA
2538,93,79,NA
2539,94,81,NA
2540,93,79,NA
2541,94,79,NA
2542,93,81,NA
2543,94,79,NA
2544,93,81,NA
2545,94,79,NA
2546,93,81,NA
2547,94,79,NA
2548,93,81,NA
2549,94,79,NA
2550,93,81,NA
2551,94,79,NA
2552,93,81,NA
2553,94,79,NA
2554,93,81,NA
2555,94,79,NA
2556,93,81,NA
2557,94,79,NA
2558,93,81,NA
2559,94,79,NA
2560,93,81,NA
2561,94,79,NA
2562,93,81,NA
2563,94,79,NA
2564,93,81,NA
2565,94,79,NA
2566,93,81,NA
2567,94,79,NA
2568,93,81,NA
2569,94,79,NA
2570,93,81,NA
2571,94,79,NA
2572,93,81,NA
2573,94,79,NA
2574,93,81,NA
2575,94,79,NA
2576,93,81,NA
2577,94,79,NA
2578,93,81,NA
2579,94,79,NA
2580,93,81,NA
2581,94,79,NA
2582,93,81,NA
2583,94,81,NA
2584,0,0,NA
2585,0,0,NA
2586,0,0,NA
2587,0,0,NA
2588,0,0,NA
2589,0,0,NA
2590,0,0,NA
2591,0,0,NA
2592,93,83,NA
2593,94,83,NA
2594,93,83,NA
2595,94,81,NA
2596,95,79,NA
2597,96,81,NA
2598,95,79,NA
2599,96,81,NA
2600,95,79,NA
2601,96,81,NA
2602,95,79,NA
2603,96,81,NA
2604,95,79,NA
2605,96,81,NA
2606,95,81,NA
2607,0,0,NA
2608,0,0,NA
2609,0,0,NA
2610,0,0,NA
2611,0,0,NA
2612,0,0,NA
2613,0,0,NA
2614,0,0,NA
2615,0,0,NA
2616,94,81,NA
2617,93,81,NA
2618,94,81,NA
2619,93,79,NA
2620,94,81,NA
2621,93,79,NA
2622,94,81,NA
2623,93,79,NA
2624,94,81,NA
2625,93,79,NA
2626,94,81,NA
2627,93,79,NA
2628,94,81,NA
2629,93,79,NA
2630,94,81,NA
2631,93,79,NA
2632,94,81,NA
2633,93,79,NA
2634,94,81,NA
2635,93,79,NA
2636,94,81,NA
2637,93,79,NA
2638,94,81,NA
2639,93,79,NA
2640,94,81,NA
2641,93,79,NA
2642,94,81,NA
2643,93,79,NA
2644,94,81,NA
2645,93,79,NA
2646,94,81,NA
2647,93,79,NA
2648,94,81,NA
2649,93,79,NA
2650,94,81,NA
2651,93,79,NA
2652,94,81,NA
2653,93,79,NA
2654,94,81,NA
2655,93,79,NA
2656,94,81,NA
2657,93,79,NA
2658,92,83,NA
2659,0,0,NA
2660,0,0,NA
2661,0,0,NA
2662,0,0,NA
2663,0,0,NA
2664,0,0,NA
2665,0,0,NA
2666,0,0,NA
2667,0,0,NA
2668,91,83,NA
2669,92,83,NA
2670,91,83,NA
2671,92,81,NA
2672,91,81,NA
2673,92,79,NA
2674,91,81,NA
2675,92,79,NA
2676,0,0,NA
2677,91,81,NA
2678,92,79,NA
2679,91,81,NA
2680,92,79,NA
2681,91,81,NA
2682,92,79,NA
2683,91,81,NA
2684,92,79,NA
2685,93,81,NA
2686,94,79,NA
2687,93,81,NA
2688,92,79,NA
2689,93,81,NA
2690,94,79,NA
2691,93,81,NA
2692,94,79,NA
2693,93,81,NA
2694,94,79,NA
2695,93,81,NA
2696,94,79,NA
2697,93,81,NA
2698,94,79,NA
2699,93,81,NA
2700,94,79,NA
2701,93,81,NA
2702,94,79,NA
2703,93,81,NA
2704,94,79,NA
2705,93,81,NA
2706,94,79,NA
2707,93,81,NA
2708,94,79,NA
2709,93,81,NA
2710,94,79,NA
2711,93,81,NA
2712,94,79,NA
2713,93,81,NA
2714,94,79,NA
2715,93,81,NA
2716,94,79,NA
2717,93,81,NA
2718,94,79,NA
2719,93,81,NA
2720,94,79,NA
2721,93,81,NA
2722,94,79,NA
2723,93,81,NA
2724,94,79,NA
2725,93,81,NA
2726,94,79,NA
2727,93,81,NA
2728,94,81,NA
2729,0,0,NA
2730,0,0,NA
2731,0,0,NA
2732,0,0,NA
2733,0,0,NA
2734,0,0,NA
2735,0,0,NA
2736,0,0,NA
2737,0,0,NA
2738,91,81,NA
2739,92,81,NA
2740,91,81,NA
2741,92,81,NA
2742,91,81,NA
2743,92,81,NA
2744,91,79,NA
2745,92,81,NA
2746,91,79,NA
2747,92,81,NA
2748,91,79,NA
2749,92,81,NA
2750,91,79,NA
2751,92,81,NA
2752,93,79,NA
2753,94,81,NA
2754,93,79,NA
2755,94,81,NA
2756,91,81,NA
2757,94,79,NA
2758,93,81,NA
2759,94,79,NA
2760,93,81,NA
2761,94,79,NA
2762,93,81,NA
2763,94,79,NA
2764,93,81,NA
2765,94,79,NA
2766,93,81,NA
2767,94,79,NA
2768,93,81,NA
2769,94,79,NA
2770,93,81,NA
2771,94,79,NA
2772,93,81,NA
2773,94,79,NA
2774,93,79,NA
2775,94,81,NA
2776,93,79,NA
2777,94,81,NA
2778,93,79,NA
2779,94,81,NA
2780,93,79,NA
2781,94,79,NA
2782,93,81,NA
2783,94,79,NA
2784,93,81,NA
2785,94,79,NA
2786,93,81,NA
2787,94,79,NA
2788,93,81,NA
2789,94,79,NA
2790,93,81,NA
2791,94,79,NA
2792,93,81,NA
2793,94,79,NA
2794,93,81,NA
2795,94,79,NA
2796,93,81,NA
2797,94,79,NA
2798,93,81,NA
2799,94,79,NA
2800,93,81,NA
2801,94,79,NA
2802,93,81,NA
2803,94,79,NA
2804,93,81,NA
2805,94,79,NA
2806,93,81,NA
2807,94,79,NA
2808,93,83,NA
2809,0,0,NA
2810,0,0,NA
2811,0,0,NA
2812,0,0,NA
2813,0,0,NA
2814,0,0,NA
2815,0,0,NA
2816,92,83,NA
2817,91,81,NA
2818,92,79,NA
2819,91,81,NA
2820,92,79,NA
2821,91,81,NA
2822,92,79,NA
2823,91,81,NA
2824,92,79,NA
2825,93,81,NA
2826,94,79,NA
2827,93,81,NA
2828,94,79,NA
2829,93,79,NA
2830,94,81,NA
2831,93,79,NA
2832,94,81,NA
2833,93,79,NA
2834,94,81,NA
2835,93,79,NA
2836,94,81,NA
2837,93,79,NA
2838,94,81,NA
2839,93,79,NA
2840,94,81,NA
2841,93,79,NA
2842,94,81,NA
2843,93,79,NA
2844,94,81,NA
2845,93,79,NA
2846,94,81,NA
2847,93,79,NA
2848,94,81,NA
2849,93,79,NA
2850,94,81,NA
2851,93,79,NA
2852,94,81,NA
2853,93,79,NA
2854,94,81,NA
2855,93,79,NA
2856,94,81,NA
2857,93,79,NA
2858,96,81,NA
2859,99,79,NA
2860,98,81,NA
2861,99,79,NA
2862,100,81,NA
2863,99,79,NA
2864,100,81,NA
2865,99,79,NA
2866,100,81,NA
2867,99,79,NA
2868,100,81,NA
2869,99,79,NA
2870,100,81,NA
2871,99,79,NA
2872,100,81,NA
2873,99,79,NA
2874,100,81,NA
2875,99,79,NA
2876,100,81,NA
2877,99,79,NA
2878,100,81,NA
2879,99,79,NA
2880,100,81,NA
2881,99,79,NA
2882,100,81,NA
2883,99,79,NA
2884,100,81,NA
2885,99,79,NA
2886,100,81,NA
2887,99,79,NA
2888,100,81,NA
2889,99,79,NA
2890,100,81,NA
2891,99,79,NA
2892,100,81,NA
2893,99,79,NA
2894,100,81,NA
2895,99,79,NA
2896,100,81,NA
2897,99,79,NA
2898,100,81,NA
2899,99,79,NA
2900,100,81,NA
2901,99,79,NA
2902,100,81,NA
2903,99,79,NA
2904,100,81,NA
2905,99,79,NA
2906,100,81,NA
2907,99,79,NA
2908,100,81,NA
2909,99,79,NA
2910,100,81,NA
2911,99,79,NA
2912,100,81,NA
2913,99,79,NA
2914,100,81,NA
2915,99,79,NA
2916,100,81,NA
2917,99,79,NA
2918,100,81,NA
2919,99,79,NA
2920,100,81,NA
2921,99,79,NA
2922,100,81,NA
2923,99,79,NA
2924,100,81,NA
2925,99,79,NA
2926,100,81,NA
2927,99,79,NA
2928,100,81,NA
2929,99,79,NA
2930,100,81,NA
2931,99,79,NA
2932,100,81,NA
2933,99,79,NA
2934,100,81,NA
2935,99,79,NA
2936,100,81,NA
2937,99,79,NA
2938,100,81,NA
2939,99,79,NA
2940,100,81,NA
2941,99,79,NA
2942,100,81,NA
2943,99,79,NA
2944,100,81,NA
2945,99,79,NA
2946,100,81,NA
2947,99,79,NA
2948,100,81,NA
2949,99,79,NA
2950,100,81,NA
2951,99,79,NA
2952,100,81,NA
2953,99,79,NA
2954,100,81,NA
2955,99,79,NA
2956,100,81,NA
2957,99,79,NA
2958,100,81,NA
2959,99,79,NA
2960,100,81,NA
2961,99,79,NA
2962,100,81,NA
2963,99,79,NA
2964,100,81,NA
2965,99,79,NA
2966,100,81,NA
2967,99,79,NA
2968,100,81,NA
2969,99,79,NA
2970,100,81,NA
2971,99,79,NA
2972,100,81,NA
2973,99,79,NA
2974,100,81,NA
2975,99,79,NA
2976,100,81,NA
2977,99,79,NA
2978,100,81,NA
2979,99,79,NA
2980,100,81,NA
2981,97,79,NA
2982,96,81,NA
2983,95,79,NA
2984,96,81,NA
2985,93,79,NA
2986,100,81,NA
2987,95,79,NA
2988,94,81,NA
2989,93,79,NA
2990,94,81,NA
2991,93,79,NA
2992,94,81,NA
2993,93,79,NA
2994,94,81,NA
2995,93,79,NA
2996,94,81,NA
2997,93,79,NA
2998,94,81,NA
2999,93,81,NA
3000,94,79,NA
3001,93,81,NA
3002,94,79,NA
3003,93,81,NA
3004,94,79,NA
3005,93,81,NA
3006,94,79,NA
3007,93,81,NA
3008,94,79,NA
3009,93,81,NA
3010,94,79,NA
3011,93,81,NA
3012,94,79,NA
3013,93,81,NA
3014,94,79,NA
3015,93,81,NA
3016,94,79,NA
3017,93,81,NA
3018,94,79,NA
3019,93,81,NA
3020,0,0,NA
3021,0,0,NA
3022,0,0,NA
3023,0,0,NA
3024,0,0,NA
3025,0,0,NA
3026,0,0,NA
3027,0,0,NA
3028,92,81,NA
3029,91,79,NA
3030,92,81,NA
3031,93,79,NA
3032,92,79,NA
3033,91,79,NA
3034,92,79,NA
3035,91,79,NA
3036,92,79,NA
3037,91,79,NA
3038,92,81,NA
3039,0,0,NA
3040,0,0,NA
3041,0,0,NA
3042,0,0,NA
3043,0,0,NA
3044,0,0,NA
3045,0,0,NA
3046,0,0,NA
3047,91,81,NA
3048,92,79,NA
3049,91,81,NA
3050,92,79,NA
3051,91,81,NA
3052,92,79,NA
3053,91,81,NA
3054,92,79,NA
3055,91,81,NA
3056,92,81,NA
3057,91,79,NA
3058,92,81,NA
3059,91,79,NA
3060,92,81,NA
3061,93,79,NA
3062,92,81,NA
3063,91,79,NA
3064,92,81,NA
3065,91,79,NA
3066,92,81,NA
3067,91,79,NA
3068,92,81,NA
3069,91,79,NA
3070,92,81,NA
3071,91,79,NA
3072,92,81,NA
3073,91,79,NA
3074,92,81,NA
3075,91,79,NA
3076,92,81,NA
3077,91,79,NA
3078,92,81,NA
3079,91,79,NA
3080,92,81,NA
3081,91,79,NA
3082,92,81,NA
3083,91,79,NA
3084,92,81,NA
3085,91,79,NA
3086,92,81,NA
3087,91,79,NA
3088,92,81,NA
3089,91,79,NA
3090,92,81,NA
3091,91,79,NA
3092,92,79,NA
3093,91,81,NA
3094,0,0,NA
3095,0,0,NA
3096,0,0,NA
3097,0,0,NA
3098,0,0,NA
3099,0,0,NA
3100,0,0,NA
3101,0,0,NA
3102,0,0,NA
3103,90,81,NA
3104,89,81,NA
3105,90,79,NA
3106,89,81,NA
3107,90,79,NA
3108,89,81,NA
3109,90,79,NA
3110,89,81,NA
3111,90,79,NA
3112,89,81,NA
3113,90,79,NA
3114,89,81,NA
3115,90,79,NA
3116,91,81,NA
3117,92,79,NA
3118,91,81,NA
3119,92,79,NA
3120,91,81,NA
3121,92,79,NA
3122,91,81,NA
3123,92,79,NA
3124,91,81,NA
3125,92,79,NA
3126,91,81,NA
3127,92,79,NA
3128,91,81,NA
3129,92,79,NA
3130,91,81,NA
3131,92,79,NA
3132,91,81,NA
3133,92,79,NA
3134,91,81,NA
3135,92,79,NA
3136,91,81,NA
3137,92,79,NA
3138,91,81,NA
3139,92,79,NA
3140,91,81,NA
3141,92,79,NA
3142,91,81,NA
3143,92,79,NA
3144,91,81,NA
3145,92,79,NA
3146,91,81,NA
3147,92,79,NA
3148,91,81,NA
3149,92,79,NA
3150,91,81,NA
3151,92,79,NA
3152,91,81,NA
3153,92,79,NA
3154,91,81,NA
3155,92,79,NA
3156,91,81,NA
3157,92,79,NA
3158,91,81,NA
3159,92,79,NA
3160,91,81,NA
3161,92,79,NA
3162,91,81,NA
3163,92,79,NA
3164,91,81,NA
3165,92,79,NA
3166,91,83,NA
3167,0,0,NA
3168,0,0,NA
3169,0,0,NA
3170,0,0,NA
3171,0,0,NA
3172,0,0,NA
3173,0,0,NA
3174,0,0,NA
3175,0,0,NA
3176,90,83,NA
3177,89,83,NA
3178,90,83,NA
3179,89,81,NA
3180,90,79,NA
3181,89,81,NA
3182,90,79,NA
3183,89,81,NA
3184,90,79,NA
3185,89,81,NA
3186,90,79,NA
3187,89,81,NA
3188,90,79,NA
3189,89,81,NA
3190,90,79,NA
3191,89,81,NA
3192,90,79,NA
3193,89,81,NA
3194,90,79,NA
3195,89,81,NA
3196,90,79,NA
3197,89,81,NA
3198,90,79,NA
3199,89,81,NA
3200,90,79,NA
3201,89,81,NA
3202,90,79,NA
3203,89,81,NA
3204,90,79,NA
3205,89,81,NA
3206,90,79,NA
3207,89,81,NA
3208,90,79,NA
3209,89,81,NA
3210,90,79,NA
3211,91,81,NA
3212,92,79,NA
3213,91,81,NA
3214,92,79,NA
3215,91,81,NA
3216,92,79,NA
3217,91,81,NA
3218,92,79,NA
3219,91,81,NA
3220,92,79,NA
3221,91,79,NA
3222,92,81,NA
3223,91,79,NA
3224,92,81,NA
3225,91,79,NA
3226,92,81,NA
3227,91,79,NA
3228,92,81,NA
3229,91,79,NA
3230,92,81,NA
3231,91,79,NA
3232,92,81,NA
3233,91,79,NA
3234,92,81,NA
3235,91,79,NA
3236,92,81,NA
3237,91,79,NA
3238,92,81,NA
3239,91,79,NA
3240,92,81,NA
3241,91,81,NA
3242,0,0,NA
3243,0,0,NA
3244,0,0,NA
3245,0,0,NA
3246,0,0,NA
3247,0,0,NA
3248,0,0,NA
3249,0,0,NA
3250,90,81,NA
3251,89,81,NA
3252,90,81,NA
3253,89,81,NA
3254,90,81,NA
3255,89,79,NA
3256,90,81,NA
3257,89,79,NA
3258,90,81,NA
3259,89,79,NA
3260,90,81,NA
3261,89,79,NA
3262,90,81,NA
3263,91,79,NA
3264,92,81,NA
3265,91,79,NA
3266,92,81,NA
3267,91,79,NA
3268,92,81,NA
3269,91,79,NA
3270,92,81,NA
3271,91,79,NA
3272,92,81,NA
3273,91,79,NA
3274,92,81,NA
3275,91,79,NA
3276,92,81,NA
3277,91,79,NA
3278,92,81,NA
3279,91,79,NA
3280,92,81,NA
3281,91,79,NA
3282,92,81,NA
3283,91,79,NA
3284,92,81,NA
3285,91,79,NA
3286,92,81,NA
3287,91,79,NA
3288,92,81,NA
3289,91,79,NA
3290,92,81,NA
3291,91,79,NA
3292,92,81,NA
3293,91,79,NA
3294,0,0,NA
3295,0,0,NA
3296,0,0,NA
3297,0,0,NA
3298,0,0,NA
3299,0,0,NA
3300,0,0,NA
3301,0,0,NA
3302,0,0,NA
3303,92,83,NA
3304,91,81,NA
3305,92,79,NA
3306,91,81,NA
3307,92,79,NA
3308,91,81,NA
3309,92,79,NA
3310,91,81,NA
3311,92,79,NA
3312,91,81,NA
3313,92,79,NA
3314,91,81,NA
3315,92,79,NA
3316,91,81,NA
3317,92,79,NA
3318,91,81,NA
3319,92,79,NA
3320,91,81,NA
3321,92,79,NA
3322,91,81,NA
3323,92,79,NA
3324,91,81,NA
3325,92,79,NA
3326,91,81,NA
3327,92,79,NA
3328,91,81,NA
3329,92,79,NA
3330,91,81,NA
3331,92,79,NA
3332,91,81,NA
3333,92,79,NA
3334,91,81,NA
3335,92,79,NA
3336,91,81,NA
3337,92,79,NA
3338,91,81,NA
3339,92,79,NA
3340,91,81,NA
3341,92,79,NA
3342,91,81,NA
3343,92,79,NA
3344,91,81,NA
3345,92,79,NA
3346,91,81,NA
3347,92,79,NA
3348,91,81,NA
3349,92,79,NA
3350,91,81,NA
3351,92,79,NA
3352,91,81,NA
3353,92,79,NA
3354,91,81,NA
3355,92,79,NA
3356,91,81,NA
3357,92,79,NA
3358,91,81,NA
3359,92,79,NA
3360,91,81,NA
3361,92,79,NA
3362,91,81,NA
3363,92,79,NA
3364,91,81,NA
3365,92,79,NA
3366,91,81,NA
3367,92,81,NA
3368,0,0,NA
3369,0,0,NA
3370,0,0,NA
3371,0,0,NA
3372,0,0,NA
3373,0,0,NA
3374,0,0,NA
3375,91,81,NA
3376,92,79,NA
3377,91,81,NA
3378,92,79,NA
3379,91,81,NA
3380,92,79,NA
3381,91,81,NA
3382,92,79,NA
3383,91,81,NA
3384,92,79,NA
3385,91,81,NA
3386,92,79,NA
3387,91,81,NA
3388,92,79,NA
3389,91,81,NA
3390,92,79,NA
3391,91,81,NA
3392,92,79,NA
3393,91,81,NA
3394,92,79,NA
3395,91,81,NA
3396,92,79,NA
3397,91,81,NA
3398,92,79,NA
3399,91,81,NA
3400,92,79,NA
3401,91,81,NA
3402,92,79,NA
3403,91,81,NA
3404,92,79,NA
3405,91,81,NA
3406,92,79,NA
3407,91,81,NA
3408,92,79,NA
3409,91,81,NA
3410,92,79,NA
3411,91,81,NA
3412,92,79,NA
3413,91,81,NA
3414,92,79,NA
3415,0,0,NA
3416,0,0,NA
3417,0,0,NA
3418,0,0,NA
3419,0,0,NA
3420,0,0,NA
3421,0,0,NA
3422,0,0,NA
3423,0,0,NA
3424,91,81,NA
3425,92,79,NA
3426,91,81,NA
3427,92,79,NA
3428,91,81,NA
3429,92,79,NA
3430,91,81,NA
3431,92,79,NA
3432,91,81,NA
3433,92,79,NA
3434,91,81,NA
3435,92,79,NA
3436,91,81,NA
3437,92,79,NA
3438,91,81,NA
3439,92,79,NA
3440,91,81,NA
3441,92,79,NA
3442,91,81,NA
3443,92,79,NA
3444,91,81,NA
3445,92,79,NA
3446,91,81,NA
3447,92,79,NA
3448,91,81,NA
3449,92,79,NA
3450,91,81,NA
3451,92,79,NA
3452,91,81,NA
3453,92,79,NA
3454,91,81,NA
3455,92,79,NA
3456,91,81,NA
3457,92,79,NA
3458,91,81,NA
3459,92,79,NA
3460,91,81,NA
3461,92,79,NA
3462,91,81,NA
3463,92,79,NA
3464,91,81,NA
3465,92,79,NA
3466,91,81,NA
3467,92,79,NA
3468,91,81,NA
3469,92,79,NA
3470,91,81,NA
3471,92,79,NA
3472,91,81,NA
3473,92,79,NA
3474,91,81,NA
3475,92,79,NA
3476,91,81,NA
3477,92,79,NA
3478,91,81,NA
3479,92,79,NA
3480,91,81,NA
3481,92,79,NA
3482,91,81,NA
3483,92,79,NA
3484,91,81,NA
3485,92,79,NA
3486,91,81,NA
3487,92,79,NA
3488,91,81,NA
3489,92,79,NA
3490,91,81,NA
3491,92,79,NA
3492,91,81,NA
3493,92,79,NA
3494,91,81,NA
3495,92,79,NA
3496,91,81,NA
3497,92,79,NA
3498,91,81,NA
3499,92,79,NA
3500,91,81,NA
3501,92,79,NA
3502,91,81,NA
3503,92,79,NA
3504,91,81,NA
3505,92,79,NA
3506,91,81,NA
3507,92,79,NA
3508,91,81,NA
3509,92,79,NA
3510,91,81,NA
3511,92,79,NA
3512,91,81,NA
3513,92,79,NA
3514,91,81,NA
3515,92,79,NA
3516,91,81,NA
3517,92,79,NA
3518,91,81,NA
3519,92,79,NA
3520,91,81,NA
3521,92,79,NA
3522,91,81,NA
3523,0,0,NA
3524,0,0,NA
3525,0,0,NA
3526,0,0,NA
3527,0,0,NA
3528,0,0,NA
3529,90,81,NA
3530,89,79,NA
3531,90,81,NA
3532,89,79,NA
3533,90,81,NA
3534,89,79,NA
3535,90,81,NA
3536,89,79,NA
3537,90,81,NA
3538,89,79,NA
3539,90,81,NA
3540,89,79,NA
3541,90,83,NA
3542,0,0,NA
3543,0,0,NA
3544,0,0,NA
3545,0,0,NA
3546,0,0,NA
3547,0,0,NA
3548,0,0,NA
3549,0,0,NA
3550,0,0,NA
3551,89,83,NA
3552,90,83,NA
3553,89,83,NA
3554,90,81,NA
3555,89,81,NA
3556,90,79,NA
3557,89,81,NA
3558,90,79,NA
3559,89,81,NA
3560,90,79,NA
3561,89,81,NA
3562,88,79,NA
3563,87,81,NA
3564,88,79,NA
3565,87,81,NA
3566,88,79,NA
3567,87,81,NA
3568,88,79,NA
3569,87,81,NA
3570,88,79,NA
3571,87,81,NA
3572,88,79,NA
3573,87,81,NA
3574,88,79,NA
3575,87,81,NA
3576,88,79,NA
3577,87,81,NA
3578,88,79,NA
3579,87,81,NA
3580,88,79,NA
3581,87,81,NA
3582,88,79,NA
3583,87,81,NA
3584,88,79,NA
3585,87,81,NA
3586,88,79,NA
3587,87,81,NA
3588,88,79,NA
3589,87,81,NA
3590,88,79,NA
3591,87,81,NA
3592,88,79,NA
3593,87,81,NA
3594,88,79,NA
3595,87,81,NA
3596,88,79,NA
3597,87,81,NA
3598,88,79,NA
3599,87,81,NA
3600,88,79,NA
3601,87,81,NA
3602,88,79,NA
3603,87,81,NA
3604,88,79,NA
3605,87,81,NA
3606,88,79,NA
3607,87,81,NA
3608,88,79,NA
3609,87,81,NA
3610,88,79,NA
3611,87,81,NA
3612,88,79,NA
3613,87,81,NA
3614,88,79,NA
3615,87,81,NA
3616,88,79,NA
3617,87,81,NA
3618,88,79,NA
3619,87,81,NA
3620,88,79,NA
3621,87,81,NA
3622,88,79,NA
3623,87,81,NA
3624,88,79,NA
3625,87,81,NA
3626,88,79,NA
3627,87,81,NA
3628,88,79,NA
3629,87,81,NA
3630,88,79,NA
3631,87,81,NA
3632,88,79,NA
3633,87,81,NA
3634,88,79,NA
3635,87,81,NA
3636,88,79,NA
3637,87,81,NA
3638,88,79,NA
3639,87,81,NA
3640,88,79,NA
3641,87,81,NA
3642,88,79,NA
3643,87,81,NA
3644,88,79,NA
3645,87,81,NA
3646,88,79,NA
3647,87,81,NA
3648,88,79,NA
3649,87,81,NA
3650,88,79,NA
3651,87,81,NA
3652,88,79,NA
3653,87,81,NA
3654,88,79,NA
3655,89,81,NA
3656,88,81,NA
3657,87,79,NA
3658,88,81,NA
3659,87,79,NA
3660,88,81,NA
3661,89,79,NA
3662,90,81,NA
3663,89,79,NA
3664,90,81,NA
3665,89,79,NA
3666,90,81,NA
3667,89,79,NA
3668,90,81,NA
3669,91,79,NA
3670,92,81,NA
3671,91,79,NA
3672,92,81,NA
3673,91,79,NA
3674,92,81,NA
3675,91,79,NA
3676,92,81,NA
3677,91,79,NA
3678,92,81,NA
3679,91,79,NA
3680,92,83,NA
3681,0,0,NA
3682,0,0,NA
3683,0,0,NA
3684,0,0,NA
3685,0,0,NA
3686,0,0,NA
3687,0,0,NA
3688,89,83,NA
3689,90,83,NA
3690,91,81,NA
3691,90,79,NA
3692,89,81,NA
3693,90,79,NA
3694,89,81,NA
3695,90,79,NA
3696,89,81,NA
3697,90,79,NA
3698,89,81,NA
3699,90,79,NA
3700,0,0,NA
3701,89,81,NA
3702,90,81,NA
3703,91,79,NA
3704,92,81,NA
3705,91,79,NA
3706,92,81,NA
3707,91,79,NA
3708,92,81,NA
3709,91,79,NA
3710,92,81,NA
3711,91,79,NA
3712,92,81,NA
3713,91,79,NA
3714,92,81,NA
3715,91,79,NA
3716,92,81,NA
3717,91,79,NA
3718,92,81,NA
3719,91,79,NA
3720,92,81,NA
3721,91,79,NA
3722,90,81,NA
3723,91,79,NA
3724,90,81,NA
3725,89,79,NA
3726,90,83,NA
3727,0,0,NA
3728,0,0,NA
3729,0,0,NA
3730,0,0,NA
3731,0,0,NA
3732,0,0,NA
3733,0,0,NA
3734,0,0,NA
3735,0,0,NA
3736,0,0,NA
3737,89,83,NA
3738,90,83,NA
3739,89,83,NA
3740,90,83,NA
3741,89,83,NA
3742,90,83,NA
3743,89,83,NA
3744,90,83,NA
3745,89,83,NA
3746,90,83,NA
3747,0,0,NA
3748,0,0,NA
3749,0,0,NA
3750,0,0,NA
3751,0,0,NA
3752,0,0,NA
3753,0,0,NA
3754,0,0,NA
3755,0,0,NA
3756,89,85,NA
3757,90,81,NA
3758,89,81,NA
3759,90,79,NA
3760,89,81,NA
3761,90,79,NA
3762,89,81,NA
3763,90,79,NA
3764,89,81,NA
3765,90,81,NA
3766,89,79,NA
3767,90,81,NA
3768,89,79,NA
3769,90,81,NA
3770,89,79,NA
3771,90,81,NA
3772,89,79,NA
3773,90,81,NA
3774,89,79,NA
3775,90,81,NA
3776,89,79,NA
3777,90,81,NA
3778,89,79,NA
3779,90,81,NA
3780,89,79,NA
3781,90,81,NA
3782,89,79,NA
3783,90,81,NA
3784,89,79,NA
3785,90,81,NA
3786,89,79,NA
3787,90,81,NA
3788,89,79,NA
3789,90,81,NA
3790,89,79,NA
3791,90,81,NA
3792,89,79,NA
3793,90,81,NA
3794,89,79,NA
3795,90,81,NA
3796,89,79,NA
3797,90,81,NA
3798,89,79,NA
3799,90,81,NA
3800,89,79,NA
3801,90,81,NA
3802,89,79,NA
3803,90,81,NA
3804,89,79,NA
3805,90,81,NA
3806,89,79,NA
3807,90,81,NA
3808,89,79,NA
3809,90,81,NA
3810,89,79,NA
3811,90,81,NA
3812,0,0,NA
3813,0,0,NA
3814,0,0,NA
3815,0,0,NA
3816,0,0,NA
3817,0,0,NA
3818,0,0,NA
3819,0,0,NA
3820,0,0,NA
3821,0,0,NA
3822,89,81,NA
3823,90,81,NA
3824,89,79,NA
3825,90,81,NA
3826,89,79,NA
3827,90,81,NA
3828,89,79,NA
3829,90,81,NA
3830,89,79,NA
3831,90,81,NA
3832,89,79,NA
3833,90,81,NA
3834,89,79,NA
3835,90,81,NA
3836,89,79,NA
3837,90,81,NA
3838,89,79,NA
3839,90,81,NA
3840,89,79,NA
3841,90,81,NA
3842,89,79,NA
3843,90,81,NA
3844,89,81,NA
3845,90,79,NA
3846,89,81,NA
3847,90,79,NA
3848,89,81,NA
3849,90,79,NA
3850,89,81,NA
3851,90,79,NA
3852,89,81,NA
3853,90,79,NA
3854,89,81,NA
3855,90,79,NA
3856,89,81,NA
3857,90,79,NA
3858,89,81,NA
3859,90,79,NA
3860,89,81,NA
3861,88,79,NA
3862,87,81,NA
3863,88,79,NA
3864,87,81,NA
3865,88,79,NA
3866,87,81,NA
3867,88,79,NA
3868,87,81,NA
3869,88,79,NA
3870,87,81,NA
3871,88,79,NA
3872,87,81,NA
3873,88,79,NA
3874,87,81,NA
3875,88,79,NA
3876,87,81,NA
3877,88,79,NA
3878,87,81,NA
3879,88,79,NA
3880,87,81,NA
3881,88,79,NA
3882,87,81,NA
3883,88,79,NA
3884,87,83,NA
3885,0,0,NA
3886,0,0,NA
3887,0,0,NA
3888,0,0,NA
3889,0,0,NA
3890,0,0,NA
3891,0,0,NA
3892,0,0,NA
3893,88,83,NA
3894,87,83,NA
3895,88,81,NA
3896,87,79,NA
3897,88,81,NA
3898,87,79,NA
3899,88,81,NA
3900,87,79,NA
3901,88,81,NA
3902,87,79,NA
3903,88,81,NA
3904,87,79,NA
3905,88,81,NA
3906,87,79,NA
3907,88,81,NA
3908,87,79,NA
3909,88,79,NA
3910,87,79,NA
3911,88,79,NA
3912,87,79,NA
3913,88,79,NA
3914,87,79,NA
3915,88,79,NA
3916,87,79,NA
3917,88,79,NA
3918,87,79,NA
3919,88,81,NA
3920,89,79,NA
3921,90,81,NA
3922,89,79,NA
3923,90,81,NA
3924,89,79,NA
3925,90,81,NA
3926,89,79,NA
3927,90,81,NA
3928,89,79,NA
3929,90,81,NA
3930,89,79,NA
3931,90,81,NA
3932,89,79,NA
3933,90,81,NA
3934,89,79,NA
3935,90,81,NA
3936,0,0,NA
3937,0,0,NA
3938,0,0,NA
3939,0,0,NA
3940,0,0,NA
3941,0,0,NA
3942,0,0,NA
3943,0,0,NA
3944,0,0,NA
3945,87,81,NA
3946,88,79,NA
3947,87,81,NA
3948,88,79,NA
3949,87,81,NA
3950,88,79,NA
3951,0,0,NA
3952,87,79,NA
3953,88,79,NA
3954,87,79,NA
3955,88,79,NA
3956,87,79,NA
3957,88,79,NA
3958,87,79,NA
3959,88,79,NA
3960,89,79,NA
3961,90,79,NA
3962,89,79,NA
3963,90,79,NA
3964,89,79,NA
3965,90,79,NA
3966,89,79,NA
3967,90,79,NA
3968,89,79,NA
3969,90,79,NA
3970,89,79,NA
3971,90,79,NA
3972,89,79,NA
3973,88,79,NA
3974,89,79,NA
3975,90,79,NA
3976,89,79,NA
3977,90,79,NA
3978,89,79,NA
3979,90,79,NA
3980,89,79,NA
3981,90,79,NA
3982,89,79,NA
3983,90,79,NA
3984,89,79,NA
3985,90,79,NA
3986,89,79,NA
3987,90,79,NA
3988,89,79,NA
3989,90,79,NA
3990,89,79,NA
3991,90,79,NA
3992,89,79,NA
3993,90,79,NA
3994,89,79,NA
3995,90,79,NA
3996,89,79,NA
3997,88,79,NA
3998,87,79,NA
3999,88,79,NA
4000,87,79,NA
4001,88,79,NA
4002,87,79,NA
4003,88,79,NA
4004,87,79,NA
4005,88,79,NA
4006,87,79,NA
4007,88,79,NA
4008,87,79,NA
4009,88,79,NA
4010,87,79,NA
4011,88,79,NA
4012,87,79,NA
4013,88,79,NA
4014,87,79,NA
4015,88,79,NA
4016,87,79,NA
4017,88,79,NA
4018,87,79,NA
4019,88,79,NA
4020,87,79,NA
4021,88,79,NA
4022,87,79,NA
4023,88,79,NA
4024,87,79,NA
4025,88,79,NA
4026,87,79,NA
4027,88,79,NA
4028,87,79,NA
4029,88,79,NA
4030,87,79,NA
4031,88,79,NA
4032,87,79,NA
4033,88,79,NA
4034,87,79,NA
4035,88,79,NA
4036,87,79,NA
4037,88,79,NA
4038,87,79,NA
4039,88,79,NA
4040,87,79,NA
4041,88,79,NA
4042,87,79,NA
4043,88,79,NA
4044,87,79,NA
4045,88,79,NA
4046,87,79,NA
4047,88,79,NA
4048,87,79,NA
4049,88,79,NA
4050,87,79,NA
4051,88,79,NA
4052,87,79,NA
4053,88,79,NA
4054,87,79,NA
4055,88,79,NA
4056,87,79,NA
4057,88,79,NA
4058,87,79,NA
4059,88,79,NA
4060,87,79,NA
4061,88,79,NA
4062,87,79,NA
4063,88,79,NA
4064,87,79,NA
4065,88,79,NA
4066,87,79,NA
4067,88,79,NA
4068,87,79,NA
4069,88,79,NA
4070,87,79,NA
4071,88,79,NA
4072,87,79,NA
4073,88,79,NA
4074,87,79,NA
4075,88,79,NA
4076,89,79,NA
4077,90,79,NA
4078,89,79,NA
4079,90,79,NA
4080,89,79,NA
4081,90,79,NA
4082,89,79,NA
4083,90,79,NA
4084,89,79,NA
4085,90,79,NA
4086,89,79,NA
4087,90,79,NA
4088,89,79,NA
4089,90,79,NA
4090,89,79,NA
4091,90,79,NA
4092,89,79,NA
4093,90,79,NA
4094,89,79,NA
4095,90,79,NA
4096,89,79,NA
4097,90,79,NA
4098,89,79,NA
4099,90,79,NA
4100,89,79,NA
4101,90,79,NA
4102,89,79,NA
4103,90,79,NA
4104,89,79,NA
4105,90,79,NA
4106,89,79,NA
4107,90,79,NA
4108,89,79,NA
4109,90,79,NA
4110,89,79,NA
4111,90,79,NA
4112,89,79,NA
4113,90,79,NA
4114,89,79,NA
4115,90,79,NA
4116,89,79,NA
4117,90,81,NA
4118,0,0,NA
4119,0,0,NA
4120,0,0,NA
4121,0,0,NA
4122,0,0,NA
4123,0,0,NA
4124,0,0,NA
4125,89,79,NA
4126,90,81,NA
4127,89,79,NA
4128,90,79,NA
4129,89,79,NA
4130,90,79,NA
4131,89,79,NA
4132,90,79,NA
4133,89,79,NA
4134,90,79,NA
4135,89,79,NA
4136,90,79,NA
4137,89,79,NA
4138,90,79,NA
4139,89,79,NA
4140,90,81,NA
4141,89,77,NA
4142,90,77,NA
4143,89,77,NA
4144,90,77,NA
4145,89,77,NA
4146,90,77,NA
4147,87,77,NA
4148,86,77,NA
4149,85,77,NA
4150,86,77,NA
4151,85,77,NA
4152,86,77,NA
4153,85,77,NA
4154,86,77,NA
4155,85,77,NA
4156,86,77,NA
4157,85,77,NA
4158,86,77,NA
4159,85,77,NA
4160,90,77,NA
4161,87,77,NA
4162,86,77,NA
4163,85,77,NA
4164,86,77,NA
4165,85,77,NA
4166,86,77,NA
4167,85,77,NA
4168,86,77,NA
4169,85,77,NA
4170,86,77,NA
4171,87,77,NA
4172,88,77,NA
4173,87,77,NA
4174,88,77,NA
4175,87,77,NA
4176,88,77,NA
4177,87,77,NA
4178,88,77,NA
4179,87,77,NA
4180,88,77,NA
4181,87,77,NA
4182,88,77,NA
4183,87,77,NA
4184,88,77,NA
4185,87,77,NA
4186,88,77,NA
4187,87,77,NA
4188,88,77,NA
4189,87,77,NA
4190,88,77,NA
4191,87,77,NA
4192,88,77,NA
4193,87,77,NA
4194,88,77,NA
4195,87,77,NA
4196,88,77,NA
4197,87,77,NA
4198,88,77,NA
4199,87,77,NA
4200,88,77,NA
4201,87,77,NA
4202,88,77,NA
4203,87,77,NA
4204,88,77,NA
4205,87,77,NA
4206,88,77,NA
4207,87,77,NA
4208,88,77,NA
4209,87,77,NA
4210,88,77,NA
4211,87,77,NA
4212,88,77,NA
4213,87,77,NA
4214,88,77,NA
4215,87,77,NA
4216,88,77,NA
4217,87,77,NA
4218,88,77,NA
4219,87,77,NA
4220,88,77,NA
4221,87,77,NA
4222,88,77,NA
4223,87,77,NA
4224,88,77,NA
4225,87,77,NA
4226,88,77,NA
4227,87,77,NA
4228,88,77,NA
4229,87,77,NA
4230,88,77,NA
4231,87,77,NA
4232,88,77,NA
4233,87,77,NA
4234,88,77,NA
4235,87,77,NA
4236,88,77,NA
4237,87,77,NA
4238,88,77,NA
4239,87,77,NA
4240,88,77,NA
4241,87,77,NA
4242,88,77,NA
4243,87,77,NA
4244,88,77,NA
4245,87,77,NA
4246,88,79,NA
4247,0,0,NA
4248,0,0,NA
4249,0,0,NA
4250,0,0,NA
4251,0,0,NA
4252,0,0,NA
4253,0,0,NA
4254,89,79,NA
4255,88,79,NA
4256,89,79,NA
4257,90,79,NA
4258,0,0,NA
4259,89,77,NA
4260,90,77,NA
4261,89,77,NA
4262,90,77,NA
4263,89,77,NA
4264,90,77,NA
4265,89,77,NA
4266,90,77,NA
4267,89,77,NA
4268,90,77,NA
4269,89,77,NA
4270,90,77,NA
4271,89,77,NA
4272,90,77,NA
4273,89,77,NA
4274,90,77,NA
4275,89,77,NA
4276,90,77,NA
4277,89,77,NA
4278,90,77,NA
4279,89,77,NA
4280,90,77,NA
4281,89,77,NA
4282,90,77,NA
4283,89,77,NA
4284,90,77,NA
4285,89,77,NA
4286,90,77,NA
4287,89,77,NA
4288,90,77,NA
4289,89,77,NA
4290,90,77,NA
4291,89,77,NA
4292,90,77,NA
4293,91,77,NA
4294,92,77,NA
4295,91,77,NA
4296,92,77,NA
4297,91,77,NA
4298,92,77,NA
4299,91,77,NA
4300,92,77,NA
4301,91,77,NA
4302,92,77,NA
4303,91,77,NA
4304,0,0,NA
4305,0,0,NA
4306,0,0,NA
4307,92,77,NA
4308,0,0,NA
4309,0,0,NA
4310,0,0,NA
4311,89,79,NA
4312,90,79,NA
4313,89,79,NA
4314,90,79,NA
4315,89,79,NA
4316,90,79,NA
4317,89,79,NA
4318,90,79,NA
4319,89,79,NA
4320,90,79,NA
4321,89,79,NA
4322,90,79,NA
4323,89,79,NA
4324,90,79,NA
4325,89,79,NA
4326,90,79,NA
4327,89,79,NA
4328,90,79,NA
4329,89,79,NA
4330,90,79,NA
4331,89,79,NA
4332,90,79,NA
4333,89,79,NA
4334,90,79,NA
4335,89,79,NA
4336,90,79,NA
4337,89,79,NA
4338,90,79,NA
4339,89,79,NA
4340,90,79,NA
4341,89,79,NA
4342,90,79,NA
4343,89,79,NA
4344,90,79,NA
4345,89,79,NA
4346,90,79,NA
4347,89,79,NA
4348,90,79,NA
4349,89,79,NA
4350,90,79,NA
4351,89,79,NA
4352,90,79,NA
4353,89,79,NA
4354,90,79,NA
4355,89,79,NA
4356,90,79,NA
4357,89,79,NA
4358,90,79,NA
4359,89,79,NA
4360,90,79,NA
4361,89,79,NA
4362,90,79,NA
4363,89,79,NA
4364,90,79,NA
4365,89,79,NA
4366,90,79,NA
4367,89,79,NA
4368,90,79,NA
4369,89,79,NA
4370,90,79,NA
4371,89,79,NA
4372,90,79,NA
4373,89,79,NA
4374,90,79,NA
4375,89,79,NA
4376,90,79,NA
4377,89,79,NA
4378,90,79,NA
4379,89,79,NA
4380,90,79,NA
4381,89,79,NA
4382,90,79,NA
4383,89,81,NA
4384,0,0,NA
4385,0,0,NA
4386,0,0,NA
4387,0,0,NA
4388,0,0,NA
4389,0,0,NA
4390,0,0,NA
4391,90,79,NA
4392,89,79,NA
4393,90,81,NA
4394,89,77,NA
4395,90,77,NA
4396,89,77,NA
4397,90,77,NA
4398,89,77,NA
4399,0,0,NA
4400,90,77,NA
4401,89,77,NA
4402,90,77,NA
4403,89,77,NA
4404,90,77,NA
4405,89,77,NA
4406,90,77,NA
4407,89,77,NA
4408,90,77,NA
4409,89,77,NA
4410,90,77,NA
4411,89,77,NA
4412,90,77,NA
4413,89,77,NA
4414,90,77,NA
4415,89,77,NA
4416,90,77,NA
4417,89,77,NA
4418,90,77,NA
4419,89,77,NA
4420,90,77,NA
4421,89,77,NA
4422,90,77,NA
4423,89,77,NA
4424,90,77,NA
4425,89,77,NA
4426,90,77,NA
4427,89,77,NA
4428,90,77,NA
4429,91,77,NA
4430,90,77,NA
4431,91,77,NA
4432,92,77,NA
4433,91,77,NA
4434,90,77,NA
4435,89,77,NA
4436,90,77,NA
4437,89,77,NA
4438,90,77,NA
4439,89,77,NA
4440,90,77,NA
4441,89,77,NA
4442,90,77,NA
4443,89,77,NA
4444,90,77,NA
4445,89,77,NA
4446,90,77,NA
4447,89,77,NA
4448,90,77,NA
4449,89,77,NA
4450,90,77,NA
4451,89,77,NA
4452,90,77,NA
4453,89,77,NA
4454,90,77,NA
4455,89,77,NA
4456,90,77,NA
4457,89,77,NA
4458,90,77,NA
4459,89,77,NA
4460,90,77,NA
4461,89,77,NA
4462,90,77,NA
4463,89,77,NA
4464,90,77,NA
4465,89,77,NA
4466,90,77,NA
4467,89,77,NA
4468,90,77,NA
4469,89,77,NA
4470,90,77,NA
4471,89,77,NA
4472,90,77,NA
4473,89,77,NA
4474,88,77,NA
4475,87,77,NA
4476,86,77,NA
4477,85,77,NA
4478,86,77,NA
4479,85,77,NA
4480,86,77,NA
4481,85,77,NA
4482,86,77,NA
4483,85,77,NA
4484,86,77,NA
4485,85,77,NA
4486,86,77,NA
4487,85,77,NA
4488,86,77,NA
4489,85,77,NA
4490,86,77,NA
4491,85,77,NA
4492,86,77,NA
4493,85,77,NA
4494,86,77,NA
4495,85,77,NA
4496,86,77,NA
4497,85,77,NA
4498,86,77,NA
4499,85,77,NA
4500,86,77,NA
4501,85,77,NA
4502,86,77,NA
4503,87,77,NA
4504,88,77,NA
4505,87,77,NA
4506,86,77,NA
4507,87,77,NA
4508,86,77,NA
4509,87,77,NA
4510,88,77,NA
4511,87,77,NA
4512,86,77,NA
4513,87,77,NA
4514,88,77,NA
4515,87,77,NA
4516,86,77,NA
4517,87,77,NA
4518,88,77,NA
4519,87,77,NA
4520,88,77,NA
4521,87,77,NA
4522,88,77,NA
4523,87,77,NA
4524,86,77,NA
4525,85,77,NA
4526,86,77,NA
4527,85,77,NA
4528,86,77,NA
4529,85,77,NA
4530,86,77,NA
4531,87,77,NA
4532,86,77,NA
4533,85,77,NA
4534,86,77,NA
4535,85,77,NA
4536,86,77,NA
4537,85,77,NA
4538,86,77,NA
4539,85,77,NA
4540,86,77,NA
4541,85,77,NA
4542,86,77,NA
4543,85,77,NA
4544,86,77,NA
4545,85,77,NA
4546,86,77,NA
4547,85,77,NA
4548,86,77,NA
4549,85,77,NA
4550,86,77,NA
4551,85,77,NA
4552,86,77,NA
4553,85,77,NA
4554,86,77,NA
4555,85,77,NA
4556,86,77,NA
4557,85,77,NA
4558,86,77,NA
4559,85,77,NA
4560,86,77,NA
4561,85,77,NA
4562,86,77,NA
4563,85,77,NA
4564,86,77,NA
4565,85,77,NA
4566,86,77,NA
4567,85,77,NA
4568,86,77,NA
4569,85,77,NA
4570,86,77,NA
4571,85,77,NA
4572,86,77,NA
4573,85,77,NA
4574,86,77,NA
4575,85,77,NA
4576,86,77,NA
4577,85,77,NA
4578,86,77,NA
4579,85,77,NA
4580,86,77,NA
4581,85,77,NA
4582,86,77,NA
4583,85,77,NA
4584,86,77,NA
4585,85,77,NA
4586,86,77,NA
4587,85,77,NA
4588,86,77,NA
4589,85,77,NA
4590,86,77,NA
4591,85,77,NA
4592,86,77,NA
4593,85,77,NA
4594,86,77,NA
4595,85,77,NA
4596,86,75,NA
4597,0,0,NA
4598,0,0,NA
4599,0,0,NA
4600,0,0,NA
4601,87,79,NA
4602,88,79,NA
4603,87,79,NA
4604,88,79,NA
4605,87,77,NA
4606,88,75,NA
4607,85,79,NA
4608,88,77,NA
4609,89,75,NA
4610,90,77,NA
4611,89,75,NA
4612,90,77,NA
4613,89,75,NA
4614,90,77,NA
4615,89,77,NA
4616,0,0,NA
4617,0,0,NA
4618,0,0,NA
4619,0,0,NA
4620,90,75,NA
4621,0,0,NA
4622,0,0,NA
4623,89,79,NA
4624,90,79,NA
4625,89,77,NA
4626,90,75,NA
4627,89,77,NA
4628,90,75,NA
4629,89,77,NA
4630,90,75,NA
4631,89,77,NA
4632,90,75,NA
4633,89,77,NA
4634,90,77,NA
4635,89,75,NA
4636,90,77,NA
4637,89,75,NA
4638,90,77,NA
4639,89,75,NA
4640,90,77,NA
4641,89,75,NA
4642,90,77,NA
4643,89,75,NA
4644,90,77,NA
4645,89,75,NA
4646,90,77,NA
4647,89,75,NA
4648,90,77,NA
4649,89,75,NA
4650,90,77,NA
4651,89,75,NA
4652,90,77,NA
4653,89,75,NA
4654,90,77,NA
4655,89,75,NA
4656,90,77,NA
4657,89,75,NA
4658,90,77,NA
4659,89,75,NA
4660,90,77,NA
4661,89,75,NA
4662,90,77,NA
4663,89,75,NA
4664,90,77,NA
4665,89,75,NA
4666,90,77,NA
4667,89,75,NA
4668,90,77,NA
4669,89,75,NA
4670,90,77,NA
4671,89,75,NA
4672,90,77,NA
4673,89,75,NA
4674,90,77,NA
4675,89,75,NA
4676,90,77,NA
4677,89,75,NA
4678,90,77,NA
4679,89,75,NA
4680,90,77,NA
4681,89,75,NA
4682,88,77,NA
4683,89,75,NA
4684,88,77,NA
4685,87,75,NA
4686,88,77,NA
4687,87,75,NA
4688,88,77,NA
4689,87,75,NA
4690,88,77,NA
4691,87,75,NA
4692,88,77,NA
4693,87,75,NA
4694,88,77,NA
4695,87,75,NA
4696,88,77,NA
4697,87,75,NA
4698,88,77,NA
4699,87,75,NA
4700,88,77,NA
4701,87,75,NA
4702,88,77,NA
4703,87,75,NA
4704,88,77,NA
4705,87,75,NA
4706,88,77,NA
4707,87,75,NA
4708,88,77,NA
4709,87,75,NA
4710,88,77,NA
4711,87,75,NA
4712,88,77,NA
4713,87,75,NA
4714,88,77,NA
4715,87,75,NA
4716,88,77,NA
4717,87,75,NA
4718,88,77,NA
4719,87,75,NA
4720,88,77,NA
4721,87,75,NA
4722,88,77,NA
4723,87,75,NA
4724,88,77,NA
4725,87,75,NA
4726,88,77,NA
4727,87,75,NA
4728,88,77,NA
4729,87,75,NA
4730,88,77,NA
4731,87,75,NA
4732,88,77,NA
4733,87,75,NA
4734,88,77,NA
4735,87,75,NA
4736,88,77,NA
4737,87,75,NA
4738,88,77,NA
4739,87,75,NA
4740,88,77,NA
4741,87,75,NA
4742,88,77,NA
4743,87,75,NA
4744,88,77,NA
4745,87,75,NA
4746,88,77,NA
4747,87,75,NA
4748,88,77,NA
4749,87,75,NA
4750,88,77,NA
4751,87,75,NA
4752,88,77,NA
4753,87,75,NA
4754,88,77,NA
4755,87,75,NA
4756,88,77,NA
4757,87,75,NA
4758,88,77,NA
4759,87,75,NA
4760,88,77,NA
4761,87,75,NA
4762,88,77,NA
4763,87,75,NA
4764,88,77,NA
4765,87,75,NA
4766,88,77,NA
4767,87,75,NA
4768,88,77,NA
4769,87,75,NA
4770,88,77,NA
4771,87,75,NA
4772,88,77,NA
4773,87,75,NA
4774,88,77,NA
4775,87,75,NA
4776,88,77,NA
4777,87,75,NA
4778,88,77,NA
4779,87,75,NA
4780,88,77,NA
4781,87,75,NA
4782,88,77,NA
4783,87,75,NA
4784,88,77,NA
4785,87,75,NA
4786,88,77,NA
4787,87,75,NA
4788,88,77,NA
4789,87,75,NA
4790,88,77,NA
4791,87,75,NA
4792,88,77,NA
4793,87,75,NA
4794,88,77,NA
4795,87,75,NA
4796,88,77,NA
4797,87,75,NA
4798,88,77,NA
4799,87,75,NA
4800,88,77,NA
4801,87,75,NA
4802,88,77,NA
4803,87,75,NA
4804,88,77,NA
4805,87,75,NA
4806,88,77,NA
4807,87,75,NA
4808,88,77,NA
4809,87,75,NA
4810,88,77,NA
4811,87,75,NA
4812,88,77,NA
4813,87,75,NA
4814,88,77,NA
4815,87,75,NA
4816,88,77,NA
4817,87,75,NA
4818,88,77,NA
4819,87,75,NA
4820,88,77,NA
4821,87,75,NA
4822,88,77,NA
4823,87,75,NA
4824,88,79,NA
4825,0,0,NA
4826,0,0,NA
4827,0,0,NA
4828,0,0,NA
4829,0,0,NA
4830,87,79,NA
4831,88,79,NA
4832,87,77,NA
4833,88,75,NA
4834,87,77,NA
4835,88,75,NA
4836,87,77,NA
4837,88,75,NA
4838,0,0,NA
4839,87,77,NA
4840,88,75,NA
4841,87,77,NA
4842,88,75,NA
4843,87,77,NA
4844,88,75,NA
4845,87,77,NA
4846,88,75,NA
4847,87,77,NA
4848,88,75,NA
4849,87,77,NA
4850,88,75,NA
4851,87,77,NA
4852,88,75,NA
4853,87,77,NA
4854,88,75,NA
4855,87,77,NA
4856,88,75,NA
4857,87,77,NA
4858,88,75,NA
4859,87,77,NA
4860,88,75,NA
4861,87,77,NA
4862,88,75,NA
4863,87,77,NA
4864,88,75,NA
4865,87,77,NA
4866,88,75,NA
4867,87,77,NA
4868,88,75,NA
4869,87,77,NA
4870,88,75,NA
4871,87,77,NA
4872,88,75,NA
4873,87,77,NA
4874,88,75,NA
4875,87,77,NA
4876,88,75,NA
4877,87,77,NA
4878,88,75,NA
4879,87,77,NA
4880,88,75,NA
4881,87,77,NA
4882,88,75,NA
4883,87,77,NA
4884,88,75,NA
4885,87,77,NA
4886,88,75,NA
4887,87,77,NA
4888,88,75,NA
4889,87,77,NA
4890,88,75,NA
4891,87,77,NA
4892,88,75,NA
4893,87,77,NA
4894,88,75,NA
4895,87,77,NA
4896,88,75,NA
4897,87,77,NA
4898,88,75,NA
4899,87,77,NA
4900,88,75,NA
4901,87,77,NA
4902,88,75,NA
4903,87,77,NA
4904,88,75,NA
4905,87,77,NA
4906,88,75,NA
4907,87,77,NA
4908,88,75,NA
4909,87,77,NA
4910,88,75,NA
4911,87,77,NA
4912,88,75,NA
4913,87,77,NA
4914,88,75,NA
4915,87,77,NA
4916,88,75,NA
4917,87,77,NA
4918,88,75,NA
4919,87,77,NA
4920,88,75,NA
4921,87,77,NA
4922,88,75,NA
4923,87,77,NA
4924,88,75,NA
4925,87,77,NA
4926,88,75,NA
4927,85,77,NA
4928,86,75,NA
4929,85,77,NA
4930,84,75,NA
4931,83,77,NA
4932,84,75,NA
4933,83,77,NA
4934,84,75,NA
4935,83,77,NA
4936,84,75,NA
4937,83,77,NA
4938,84,75,NA
4939,83,77,NA
4940,84,75,NA
4941,83,77,NA
4942,84,75,NA
4943,83,77,NA
4944,84,75,NA
4945,83,77,NA
4946,84,75,NA
4947,83,77,NA
4948,84,75,NA
4949,83,77,NA
4950,84,75,NA
4951,83,77,NA
4952,84,75,NA
4953,83,77,NA
4954,84,75,NA
4955,83,77,NA
4956,84,75,NA
4957,83,77,NA
4958,84,75,NA
4959,83,77,NA
4960,84,75,NA
4961,83,77,NA
4962,84,75,NA
4963,83,77,NA
4964,84,75,NA
4965,83,77,NA
4966,84,75,NA
4967,83,77,NA
4968,84,75,NA
4969,83,77,NA
4970,84,75,NA
4971,83,77,NA
4972,84,75,NA
4973,83,77,NA
4974,84,75,NA
4975,83,77,NA
4976,84,75,NA
4977,83,77,NA
4978,84,75,NA
4979,83,77,NA
4980,84,75,NA
4981,83,77,NA
4982,84,75,NA
4983,83,77,NA
4984,84,75,NA
4985,83,77,NA
4986,84,75,NA
4987,83,77,NA
4988,84,75,NA
4989,83,77,NA
4990,84,75,NA
4991,83,77,NA
4992,84,75,NA
4993,83,77,NA
4994,84,75,NA
4995,83,77,NA
4996,84,75,NA
4997,83,77,NA
4998,84,75,NA
4999,83,77,NA
5000,84,75,NA
5001,83,77,NA
5002,84,75,NA
5003,83,77,NA
5004,84,75,NA
5005,83,77,NA
5006,84,75,NA
5007,83,77,NA
5008,84,75,NA
5009,83,77,NA
5010,84,75,NA
5011,83,77,NA
5012,84,75,NA
5013,83,77,NA
5014,84,75,NA
5015,83,77,NA
5016,84,75,NA
5017,83,77,NA
5018,84,75,NA
5019,83,77,NA
5020,84,75,NA
5021,83,77,NA
5022,84,75,NA
5023,83,77,NA
5024,84,75,NA
5025,83,77,NA
5026,84,75,NA
5027,83,77,NA
5028,84,75,NA
5029,83,77,NA
5030,84,75,NA
5031,83,77,NA
5032,84,75,NA
5033,83,77,NA
5034,84,75,NA
5035,83,77,NA
5036,84,75,NA
5037,83,77,NA
5038,84,75,NA
5039,83,77,NA
5040,84,75,NA
5041,83,77,NA
5042,84,75,NA
5043,83,77,NA
5044,84,75,NA
5045,83,77,NA
5046,84,75,NA
5047,83,77,NA
5048,84,75,NA
5049,83,77,NA
5050,84,75,NA
5051,83,77,NA
5052,84,75,NA
5053,83,79,NA
5054,0,0,NA
5055,0,0,NA
5056,0,0,NA
5057,0,0,NA
5058,0,0,NA
5059,84,77,NA
5060,85,77,NA
5061,86,75,NA
5062,85,77,NA
5063,86,75,NA
5064,83,77,NA
5065,86,73,NA
5066,85,73,NA
5067,86,73,NA
5068,85,73,NA
5069,86,73,NA
5070,85,73,NA
5071,86,73,NA
5072,87,73,NA
5073,88,73,NA
5074,87,73,NA
5075,88,73,NA
5076,87,73,NA
5077,88,73,NA
5078,87,73,NA
5079,88,73,NA
5080,87,73,NA
5081,88,73,NA
5082,87,73,NA
5083,88,73,NA
5084,87,73,NA
5085,88,73,NA
5086,87,73,NA
5087,88,73,NA
5088,87,73,NA
5089,88,73,NA
5090,87,73,NA
5091,88,73,NA
5092,87,73,NA
5093,88,73,NA
5094,87,73,NA
5095,88,73,NA
5096,87,73,NA
5097,88,73,NA
5098,87,73,NA
5099,88,73,NA
5100,87,73,NA
5101,88,73,NA
5102,87,73,NA
5103,88,73,NA
5104,87,73,NA
5105,88,73,NA
5106,87,73,NA
5107,88,73,NA
5108,87,73,NA
5109,88,73,NA
5110,87,73,NA
5111,88,73,NA
5112,87,73,NA
5113,88,73,NA
5114,87,73,NA
5115,88,73,NA
5116,87,73,NA
5117,88,73,NA
5118,87,73,NA
5119,88,73,NA
5120,87,73,NA
5121,88,73,NA
5122,87,73,NA
5123,88,73,NA
5124,87,73,NA
5125,88,73,NA
5126,87,73,NA
5127,88,73,NA
5128,87,73,NA
5129,0,0,NA
5130,0,0,NA
5131,0,0,NA
5132,0,0,NA
5133,0,0,NA
5134,0,0,NA
5135,0,0,NA
5136,0,0,NA
5137,88,75,NA
5138,87,75,NA
5139,88,75,NA
5140,87,75,NA
5141,88,75,NA
5142,87,73,NA
5143,88,71,NA
5144,87,73,NA
5145,0,0,NA
5146,88,71,NA
5147,87,73,NA
5148,88,71,NA
5149,87,73,NA
5150,88,71,NA
5151,87,73,NA
5152,88,71,NA
5153,87,73,NA
5154,88,71,NA
5155,87,73,NA
5156,88,71,NA
5157,87,73,NA
5158,88,71,NA
5159,87,73,NA
5160,88,71,NA
5161,87,73,NA
5162,88,71,NA
5163,87,73,NA
5164,88,71,NA
5165,87,73,NA
5166,88,71,NA
5167,87,73,NA
5168,88,71,NA
5169,87,73,NA
5170,88,71,NA
5171,87,73,NA
5172,88,71,NA
5173,87,73,NA
5174,88,71,NA
5175,87,73,NA
5176,88,71,NA
5177,87,73,NA
5178,88,71,NA
5179,87,73,NA
5180,88,71,NA
5181,87,73,NA
5182,88,71,NA
5183,87,73,NA
5184,88,73,NA
5185,87,73,NA
5186,88,73,NA
5187,87,73,NA
5188,88,73,NA
5189,87,73,NA
5190,88,73,NA
5191,87,75,NA
5192,88,75,NA
5193,87,75,NA
5194,88,75,NA
5195,87,75,NA
5196,88,75,NA
5197,87,75,NA
5198,88,75,NA
5199,87,75,NA
5200,88,75,NA
5201,87,75,NA
5202,88,75,NA
5203,87,75,NA
5204,88,75,NA
5205,87,75,NA
5206,88,75,NA
5207,87,75,NA
5208,88,75,NA
5209,87,75,NA
5210,88,75,NA
5211,87,75,NA
5212,88,75,NA
5213,87,75,NA
5214,88,75,NA
5215,87,75,NA
5216,88,75,NA
5217,87,75,NA
5218,88,75,NA
5219,87,75,NA
5220,88,75,NA
5221,87,75,NA
5222,88,75,NA
5223,87,75,NA
5224,88,75,NA
5225,87,75,NA
5226,88,75,NA
5227,87,75,NA
5228,88,75,NA
5229,87,75,NA
5230,88,75,NA
5231,87,75,NA
5232,88,75,NA
5233,87,75,NA
5234,88,75,NA
5235,87,75,NA
5236,88,75,NA
5237,87,75,NA
5238,88,75,NA
5239,87,75,NA
5240,88,75,NA
5241,87,75,NA
5242,88,75,NA
5243,87,75,NA
5244,88,75,NA
5245,87,75,NA
5246,88,75,NA
5247,87,75,NA
5248,88,75,NA
5249,87,75,NA
5250,88,75,NA
5251,87,75,NA
5252,88,75,NA
5253,87,75,NA
5254,88,73,NA
5255,87,73,NA
5256,88,71,NA
5257,87,73,NA
5258,88,71,NA
5259,87,75,NA
5260,88,75,NA
5261,87,75,NA
5262,88,75,NA
5263,87,75,NA
5264,88,75,NA
5265,87,75,NA
5266,88,75,NA
5267,87,75,NA
5268,88,75,NA
5269,87,75,NA
5270,88,75,NA
5271,89,75,NA
5272,90,75,NA
5273,89,75,NA
5274,90,75,NA
5275,87,75,NA
5276,90,75,NA
5277,91,75,NA
5278,90,75,NA
5279,91,75,NA
5280,92,75,NA
5281,91,75,NA
5282,92,75,NA
5283,91,75,NA
5284,92,75,NA
5285,91,75,NA
5286,92,75,NA
5287,91,75,NA
5288,92,75,NA
5289,91,75,NA
5290,92,75,NA
5291,91,75,NA
5292,92,75,NA
5293,91,75,NA
5294,92,75,NA
5295,91,75,NA
5296,92,75,NA
5297,91,75,NA
5298,92,75,NA
5299,91,75,NA
5300,92,75,NA
5301,91,75,NA
5302,92,75,NA
5303,91,75,NA
5304,92,75,NA
5305,91,75,NA
5306,92,75,NA
5307,91,75,NA
5308,92,75,NA
5309,91,75,NA
5310,92,75,NA
5311,91,75,NA
5312,92,75,NA
5313,91,75,NA
5314,92,75,NA
5315,91,75,NA
5316,92,75,NA
5317,91,75,NA
5318,92,75,NA
5319,91,75,NA
5320,92,75,NA
5321,91,75,NA
5322,92,75,NA
5323,91,75,NA
5324,92,75,NA
5325,91,75,NA
5326,92,75,NA
5327,91,75,NA
5328,92,75,NA
5329,91,75,NA
5330,92,75,NA
5331,91,75,NA
5332,92,75,NA
5333,91,75,NA
5334,92,75,NA
5335,91,75,NA
5336,92,75,NA
5337,91,75,NA
5338,92,75,NA
5339,91,75,NA
5340,92,75,NA
5341,91,75,NA
5342,92,75,NA
5343,91,75,NA
5344,92,75,NA
5345,91,75,NA
5346,92,75,NA
5347,91,75,NA
5348,92,75,NA
5349,91,75,NA
5350,92,75,NA
5351,91,75,NA
5352,90,75,NA
5353,91,75,NA
5354,92,75,NA
5355,91,75,NA
5356,92,75,NA
5357,91,75,NA
5358,92,75,NA
5359,91,75,NA
5360,92,75,NA
5361,91,75,NA
5362,92,75,NA
5363,91,75,NA
