sample,x,y,r,blink
1,118,135,23,0
2,119,135,22,0
3,119,135,23,0
4,119,137,21,0
5,119,135,22,0
6,118,134,21,0
7,118,134,21,0
8,118,134,21,0
9,116,141,25,0
10,116,141,25,0
11,118,136,22,0
12,118,136,22,0
13,124,135,21,0
14,127,136,20,0
15,126,134,21,0
16,127,134,20,0
17,126,134,21,0
18,125,133,20,0
19,125,133,20,0
20,127,134,20,0
21,126,134,21,0
22,125,134,20,0
23,126,134,21,0
24,125,133,20,0
25,126,135,20,0
26,125,134,20,0
27,126,134,20,0
28,127,135,20,0
29,127,134,21,0
30,126,135,21,0
31,127,135,20,0
32,126,134,21,0
33,126,134,22,0
34,124,136,20,0
35,125,134,21,0
36,125,136,22,0
37,126,134,21,0
38,124,135,22,0
39,125,134,21,0
40,125,134,21,0
41,122,133,22,0
42,122,130,23,0
43,119,132,23,0
44,119,132,23,0
45,122,134,19,0
46,122,134,19,0
47,122,134,19,0
48,122,134,19,1
49,120,131,23,1
50,123,132,21,1
51,125,134,22,1
52,124,136,23,1
53,125,136,23,1
54,124,134,22,1
55,125,137,23,1
56,125,137,23,1
57,124,136,23,1
58,124,135,22,1
59,125,134,21,1
60,125,135,21,1
61,126,135,20,1
62,127,138,23,1
63,126,135,21,1
64,125,134,21,1
65,124,134,20,1
66,124,134,20,1
67,127,137,21,1
68,126,135,21,1
69,125,137,23,1
70,126,135,21,1
71,125,136,23,1
72,124,139,22,1
73,122,138,25,1
74,125,136,23,1
75,125,135,22,1
76,124,135,22,1
77,124,135,22,1
78,125,135,21,1
79,125,137,23,1
80,126,135,22,1
81,126,135,23,1
82,127,136,21,1
83,126,136,23,1
84,127,136,21,1
85,125,138,21,1
86,124,138,22,1
87,126,139,23,1
88,124,137,22,1
89,123,134,21,1
90,123,134,21,1
91,124,136,23,1
92,124,136,23,1
93,124,137,23,1
94,126,136,23,1
95,124,135,22,1
96,124,135,22,1
97,124,138,25,1
98,124,138,25,1
99,124,138,25,1
100,124,138,25,1
101,124,138,25,1
102,123,135,23,1
103,123,136,22,1
104,123,139,23,1
105,122,137,23,1
106,123,136,22,1
107,122,139,24,1
108,125,136,23,1
109,126,138,23,1
110,125,136,23,1
111,125,135,23,1
112,126,137,23,1
113,125,135,23,1
114,125,138,24,1
115,123,136,23,1
116,126,134,24,1
117,125,137,23,1
118,125,137,23,1
119,121,133,23,1
120,121,133,23,1
121,121,133,23,1
122,124,137,22,1
123,75,156,19,1
124,75,156,19,2
125,75,156,19,2
126,75,156,19,2
127,75,156,19,3
128,88,124,22,3
129,88,124,22,3
130,126,138,23,3
131,118,124,26,3
132,121,131,27,3
133,121,133,25,3
134,122,134,26,3
135,124,134,23,3
136,124,134,23,3
137,124,134,23,3
138,125,135,22,3
139,124,133,22,3
140,125,135,23,3
141,123,133,22,3
142,126,159,21,3
143,126,159,21,3
144,126,136,22,3
145,125,135,22,3
146,124,133,22,3
147,125,136,22,3
148,126,131,23,3
149,126,135,22,3
150,123,135,25,3
151,123,135,25,3
152,123,135,25,3
153,124,138,25,3
154,124,138,25,3
155,124,138,25,3
156,125,137,25,3
157,123,135,23,3
158,124,135,24,3
159,124,135,24,3
160,124,135,24,3
161,124,138,25,3
162,124,138,25,3
163,123,136,24,3
164,123,138,25,3
165,124,136,23,3
166,124,135,23,3
167,123,137,25,3
168,122,135,22,3
169,122,135,22,3
170,124,136,24,3
171,125,138,25,3
172,123,134,22,3
173,123,134,21,3
174,124,135,24,3
175,124,135,24,3
176,122,135,25,3
177,125,136,24,3
178,124,136,23,3
179,123,136,23,3
180,124,139,25,3
181,124,134,21,3
182,125,135,23,3
183,125,135,23,3
184,124,135,23,3
185,124,134,22,3
186,123,134,23,3
187,122,137,24,3
188,121,135,22,3
189,122,138,23,3
190,121,136,22,3
191,122,135,23,3
192,120,135,24,3
193,121,137,24,3
194,123,138,25,3
195,121,137,23,3
196,122,134,23,3
197,122,136,24,3
198,123,138,25,3
199,123,136,23,3
200,123,136,23,3
201,124,137,23,3
202,124,137,23,3
203,123,136,22,3
204,122,136,22,3
205,123,135,23,3
206,123,135,23,3
207,124,136,23,3
208,124,138,25,3
209,123,135,22,3
210,124,138,24,3
211,124,134,22,3
212,125,135,23,3
213,123,133,22,3
214,123,135,23,3
215,122,135,23,3
216,123,137,24,3
217,123,136,23,3
218,124,136,23,3
219,124,136,23,3
220,124,136,23,3
221,123,138,24,3
222,124,137,23,3
223,124,137,24,3
224,123,138,24,3
225,126,137,24,3
226,126,137,24,3
227,126,138,24,3
228,125,134,22,3
229,124,138,24,3
230,125,136,23,3
231,125,136,23,3
232,124,137,23,3
233,123,137,25,3
234,124,133,23,3
235,124,137,25,3
236,124,137,25,3
237,124,138,24,3
238,122,137,25,3
239,123,136,24,3
240,123,133,22,3
241,125,138,24,3
242,124,136,25,3
243,124,138,25,3
244,123,139,26,3
245,122,138,25,3
246,122,138,25,3
247,122,138,25,3
248,124,133,23,3
249,124,133,23,3
250,123,136,25,3
251,125,137,25,3
252,124,136,23,3
253,123,137,25,3
254,123,137,24,3
255,123,136,23,3
256,122,134,23,3
257,122,134,23,3
258,123,137,25,3
259,123,135,25,3
260,124,134,22,3
261,126,135,25,3
262,124,136,25,3
263,124,137,26,3
264,125,136,25,3
265,126,134,23,3
266,125,135,25,3
267,123,132,21,3
268,125,134,25,3
269,123,132,24,3
270,124,135,24,3
271,125,136,24,3
272,125,135,24,3
273,123,138,25,3
274,123,137,25,3
275,125,134,24,3
276,126,138,27,3
277,125,138,26,3
278,124,138,26,3
279,123,136,25,3
280,123,136,25,3
281,126,135,25,3
282,125,133,24,3
283,125,133,25,3
284,126,131,23,3
285,126,134,24,3
286,126,134,24,3
287,125,134,25,3
288,125,133,23,3
289,125,133,23,3
290,125,132,23,3
291,126,134,24,3
292,124,135,24,3
293,127,133,22,3
294,125,133,24,3
295,127,136,24,3
296,127,134,24,3
297,123,133,23,3
298,123,133,23,3
299,124,138,25,3
300,125,135,24,3
301,125,135,23,3
302,127,135,24,3
303,126,135,23,3
304,127,135,23,3
305,127,135,23,3
306,124,135,24,3
307,125,134,25,3
308,124,134,24,3
309,126,134,23,3
310,124,134,23,3
311,122,134,25,3
312,124,136,23,3
313,125,134,23,3
314,125,133,23,3
315,126,135,24,3
316,125,137,25,3
317,124,135,23,3
318,123,135,24,3
319,124,134,23,3
320,124,136,23,3
321,126,133,23,3
322,126,138,22,3
323,123,133,23,3
324,124,135,23,3
325,124,132,22,3
326,124,133,21,3
327,124,167,27,3
328,124,167,27,3
329,124,167,27,4
330,124,167,27,4
331,124,167,27,4
332,124,167,27,5
333,124,167,27,5
334,124,167,27,5
335,124,167,27,6
336,134,132,14,6
337,128,129,19,6
338,125,136,23,6
339,125,136,23,6
340,123,127,25,6
341,123,127,25,6
342,122,131,23,6
343,122,131,24,6
344,122,131,24,6
345,123,135,23,6
346,123,132,21,6
347,122,130,21,6
348,124,131,22,6
349,124,132,21,6
350,125,134,22,6
351,123,133,22,6
352,124,132,22,6
353,124,132,22,6
354,123,134,23,6
355,124,135,22,6
356,124,133,22,6
357,122,132,23,6
358,123,132,22,6
359,125,134,23,6
360,124,133,20,6
361,126,135,23,6
362,126,134,21,6
363,125,133,21,6
364,125,135,23,6
365,125,134,22,6
366,126,136,23,6
367,125,134,23,6
368,125,134,23,6
369,123,134,23,6
370,124,135,22,6
371,125,132,22,6
372,124,134,23,6
373,122,133,21,6
374,124,133,21,6
375,124,133,21,6
376,124,137,24,6
377,125,137,23,6
378,123,135,21,6
379,123,135,22,6
380,122,133,23,6
381,125,136,23,6
382,124,134,22,6
383,124,133,22,6
384,124,133,23,6
385,126,135,23,6
386,125,132,23,6
387,122,133,24,6
388,124,134,23,6
389,124,133,24,6
390,126,135,23,6
391,126,135,23,6
392,127,131,23,6
393,125,133,24,6
394,124,134,25,6
395,124,134,25,6
396,124,134,25,6
397,125,135,25,6
398,125,137,25,6
399,125,135,25,6
400,127,132,22,6
401,126,135,25,6
402,122,133,22,6
403,125,134,25,6
404,124,135,24,6
405,127,134,23,6
406,128,134,23,6
407,126,134,23,6
408,126,134,23,6
409,127,135,27,6
410,125,137,24,6
411,125,136,26,6
412,127,135,25,6
413,126,135,25,6
414,126,135,23,6
415,126,134,25,6
416,124,132,23,6
417,126,133,25,6
418,124,136,25,6
419,125,134,24,6
420,125,135,24,6
421,127,135,24,6
422,125,135,25,6
423,126,135,25,6
424,125,135,25,6
425,125,135,25,6
426,124,133,24,6
427,126,134,24,6
428,126,136,25,6
429,124,134,25,6
430,125,135,26,6
431,124,134,25,6
432,125,136,25,6
433,124,134,25,6
434,125,135,25,6
435,124,136,25,6
436,122,134,24,6
437,124,135,25,6
438,123,134,25,6
439,123,134,25,6
440,126,136,25,6
441,122,137,27,6
442,123,137,26,6
443,123,137,26,6
444,120,133,25,6
445,121,133,25,6
446,120,134,25,6
447,119,134,26,6
448,121,131,25,6
449,120,132,25,6
450,120,133,25,6
451,121,134,27,6
452,120,134,25,6
453,119,132,26,6
454,119,132,25,6
455,119,133,25,6
456,119,133,25,6
457,122,135,25,6
458,124,135,25,6
459,124,133,25,6
460,123,134,25,6
461,125,133,25,6
462,125,133,25,6
463,124,132,23,6
464,123,133,25,6
465,123,133,25,6
466,123,133,24,6
467,122,132,24,6
468,123,133,24,6
469,123,133,24,6
470,124,133,24,6
471,122,134,24,6
472,125,134,24,6
473,122,131,23,6
474,122,132,24,6
475,123,134,24,6
476,121,133,25,6
477,124,134,24,6
478,124,133,24,6
479,127,134,24,6
480,134,130,23,6
481,137,130,21,6
482,124,134,24,6
483,137,130,20,6
484,136,132,22,6
485,136,133,21,6
486,137,135,23,6
487,137,133,22,6
488,137,133,22,6
489,137,133,22,6
490,137,134,22,6
491,136,130,20,6
492,136,133,21,6
493,137,132,20,6
494,137,130,21,6
495,137,134,22,6
496,136,131,21,6
497,136,134,22,6
498,136,132,21,6
499,136,133,21,6
500,134,137,25,6
501,136,134,21,6
502,136,132,21,6
503,137,132,22,6
504,139,132,21,6
505,138,132,20,6
506,138,132,19,6
507,137,134,20,6
508,137,133,22,6
509,138,131,21,6
510,136,135,22,6
511,140,135,21,6
512,138,132,20,6
513,137,132,19,6
514,138,134,22,6
515,138,134,22,6
516,138,133,20,6
517,139,132,20,6
518,137,134,20,6
519,137,133,20,6
520,139,132,21,6
521,137,131,21,6
522,137,133,21,6
523,137,133,22,6
524,137,132,20,6
525,137,133,22,6
526,137,131,20,6
527,138,133,21,6
528,138,133,21,6
529,137,133,21,6
530,137,136,21,6
531,138,135,21,6
532,135,133,19,6
533,136,131,20,6
534,136,131,20,6
535,137,131,21,6
536,139,131,21,6
537,137,132,20,6
538,136,131,21,6
539,136,131,21,6
540,137,132,20,6
541,138,131,19,6
542,139,133,21,6
543,138,131,21,6
544,138,134,21,6
545,139,133,21,6
546,137,133,20,6
547,138,132,20,6
548,136,131,20,6
549,138,134,21,6
550,135,134,21,6
551,135,132,21,6
552,132,131,20,6
553,136,132,21,6
554,136,131,21,6
555,136,133,21,6
556,136,132,20,6
557,136,134,20,6
558,135,135,22,6
559,136,132,19,6
560,134,133,19,6
561,135,132,21,6
562,136,135,22,6
563,137,133,21,6
564,135,133,20,6
565,137,135,22,6
566,136,136,22,6
567,139,132,20,6
568,136,132,20,6
569,137,135,21,6
570,138,135,20,6
571,139,132,21,6
572,139,133,20,6
573,139,134,21,6
574,138,132,20,6
575,138,132,19,6
576,137,135,21,6
577,137,133,21,6
578,140,132,20,6
579,137,131,19,6
580,136,131,19,6
581,137,134,21,6
582,137,131,20,6
583,139,134,21,6
584,139,134,21,6
585,101,199,11,6
586,101,199,11,6
587,101,199,11,7
588,101,199,11,7
589,101,199,11,7
590,101,199,11,8
591,101,199,11,8
592,101,199,11,8
593,101,199,11,9
594,101,199,11,9
595,101,199,11,9
596,101,199,11,9
597,101,199,11,9
598,133,129,22,9
599,134,128,21,9
600,133,128,21,9
601,133,128,21,10
602,128,131,21,10
603,126,130,21,10
604,124,131,20,10
605,124,134,21,10
606,127,134,21,10
607,141,133,15,10
608,126,132,20,10
609,126,135,22,10
610,126,132,21,10
611,127,134,23,10
612,127,134,23,10
613,125,133,22,10
614,126,134,23,10
615,125,133,23,10
616,126,134,23,10
617,125,134,23,10
618,123,132,22,10
619,123,132,21,10
620,125,134,22,10
621,125,134,22,10
622,124,133,22,10
623,124,131,21,10
624,125,135,22,10
625,124,133,22,10
626,123,136,22,10
627,125,134,22,10
628,125,135,23,10
629,123,134,22,10
630,123,134,22,10
631,126,132,21,10
632,125,135,22,10
633,124,133,22,10
634,124,132,22,10
635,125,131,20,10
636,124,130,19,10
637,124,133,20,10
638,124,133,21,10
639,124,135,20,10
640,122,134,22,10
641,125,135,23,10
642,125,135,22,10
643,122,135,23,10
644,123,134,22,10
645,123,134,22,10
646,123,134,23,10
647,124,134,23,10
648,125,132,21,10
649,124,134,22,10
650,124,134,22,10
651,124,134,22,10
652,124,135,22,10
653,126,136,23,10
654,121,134,22,10
655,124,135,23,10
656,124,136,23,10
657,124,133,23,10
658,124,134,23,10
659,125,136,23,10
660,123,135,23,10
661,125,137,23,10
662,125,135,23,10
663,123,134,22,10
664,123,136,22,10
665,123,134,22,10
666,123,134,22,10
667,123,141,27,10
668,124,136,23,10
669,123,134,22,10
670,122,135,23,10
671,123,138,25,10
672,123,138,25,10
673,123,136,24,10
674,123,136,23,10
675,124,134,22,10
676,124,135,23,10
677,123,134,22,10
678,123,135,22,10
679,124,135,23,10
680,123,134,22,10
681,122,136,22,10
682,124,135,22,10
683,121,133,22,10
684,124,137,24,10
685,123,135,23,10
686,123,135,23,10
687,120,136,23,10
688,121,134,22,10
689,121,136,24,10
690,121,136,24,10
691,123,133,22,10
692,125,134,23,10
693,123,135,23,10
694,123,136,23,10
695,122,137,23,10
696,123,136,25,10
697,125,137,23,10
698,123,136,23,10
699,126,138,23,10
700,124,137,24,10
701,123,135,23,10
702,124,134,23,10
703,122,133,22,10
704,126,134,22,10
705,124,135,22,10
706,125,135,23,10
707,122,135,22,10
708,123,137,23,10
709,126,134,21,10
710,123,136,22,10
711,123,138,23,10
712,123,135,22,10
713,124,133,21,10
714,125,133,22,10
715,125,133,22,10
716,125,137,23,10
717,125,137,23,10
718,125,133,22,10
719,127,135,22,10
720,127,132,21,10
721,127,136,23,10
722,126,132,22,10
723,122,134,19,10
724,126,132,21,10
725,124,134,22,10
726,124,132,21,10
727,123,133,22,10
728,123,134,22,10
729,122,133,22,10
730,121,134,22,10
731,122,133,23,10
732,124,134,23,10
733,124,135,22,10
734,124,137,24,10
735,123,135,22,10
736,120,133,21,10
737,123,135,22,10
738,122,133,23,10
739,124,135,23,10
740,125,133,21,10
741,125,133,21,10
742,124,133,23,10
743,123,135,23,10
744,124,133,22,10
745,122,134,23,10
746,123,132,22,10
747,123,134,23,10
748,126,131,21,10
749,124,133,24,10
750,125,132,22,10
751,125,134,23,10
752,124,132,23,10
753,123,133,24,10
754,124,131,23,10
755,125,136,25,10
756,126,131,22,10
757,125,133,22,10
758,122,132,21,10
759,125,136,23,10
760,123,134,23,10
761,123,134,23,10
762,123,134,23,10
763,123,134,23,10
764,122,135,25,10
765,121,135,24,10
766,122,134,24,10
767,124,135,25,10
768,123,136,23,10
769,122,136,23,10
770,123,134,24,10
771,124,132,21,10
772,122,131,22,10
773,124,133,24,10
774,123,132,22,10
775,124,134,23,10
776,123,134,23,10
777,123,135,24,10
778,123,134,24,10
779,124,131,22,10
780,123,135,24,10
781,124,135,25,10
782,124,135,25,10
783,122,135,25,10
784,122,135,25,10
785,121,134,25,10
786,123,134,24,10
787,124,132,22,10
788,124,132,22,10
789,124,134,24,10
790,124,133,24,10
791,125,135,24,10
792,122,134,23,10
793,122,133,23,10
794,122,137,25,10
795,122,137,25,10
796,122,134,24,10
797,124,133,23,10
798,126,132,21,10
799,126,132,21,10
800,125,137,24,10
801,124,136,25,10
802,124,135,25,10
803,124,135,25,10
804,124,134,23,10
805,124,135,24,10
806,121,133,22,10
807,123,135,25,10
808,124,133,23,10
809,128,136,26,10
810,123,134,24,10
811,125,136,23,10
812,125,133,23,10
813,124,133,23,10
814,124,134,24,10
815,125,137,24,10
816,125,135,24,10
817,125,135,24,10
818,123,136,24,10
819,125,135,25,10
820,125,134,23,10
821,128,133,21,10
822,126,133,22,10
823,125,135,24,10
824,125,134,22,10
825,125,135,23,10
826,126,134,24,10
827,127,135,23,10
828,126,135,24,10
829,126,135,24,10
830,126,134,22,10
831,125,134,24,10
832,125,134,24,10
833,125,132,23,10
834,125,133,24,10
835,125,135,23,10
836,124,133,23,10
837,125,136,24,10
838,126,132,23,10
839,126,131,23,10
840,124,130,23,10
841,126,133,23,10
842,125,136,24,10
843,123,134,24,10
844,123,134,23,10
845,123,134,23,10
846,123,134,24,10
847,121,135,25,10
848,123,133,24,10
849,124,136,25,10
850,121,133,22,10
851,125,137,24,10
852,124,133,23,10
853,122,136,24,10
854,121,134,25,10
855,123,135,25,10
856,124,136,25,10
857,122,135,24,10
858,122,133,23,10
859,122,134,24,10
860,121,134,25,10
861,124,132,22,10
862,119,134,23,10
863,124,136,25,10
864,124,134,25,10
865,123,133,22,10
866,123,132,23,10
867,123,135,23,10
868,122,136,25,10
869,122,134,25,10
870,121,136,25,10
871,124,135,23,10
872,124,135,25,10
873,122,135,23,10
874,122,137,25,10
875,122,132,21,10
876,121,135,25,10
877,121,132,24,10
878,122,133,23,10
879,122,134,22,10
880,122,133,23,10
881,121,133,23,10
882,121,134,23,10
883,121,129,22,10
884,124,132,23,10
885,123,131,21,10
886,122,132,22,10
887,123,132,22,10
888,123,132,22,10
889,123,131,22,10
890,123,132,22,10
891,124,131,21,10
892,125,133,17,10
893,125,133,17,10
894,125,133,17,10
895,125,133,17,11
896,123,133,22,11
897,123,133,22,11
898,124,133,22,11
899,94,108,25,11
900,94,108,25,11
901,94,108,25,12
902,94,108,25,12
903,120,124,25,12
904,120,125,25,12
905,121,131,23,12
906,121,131,23,12
907,122,130,20,12
908,119,130,22,12
909,121,132,21,12
910,122,130,21,12
911,122,134,24,12
912,125,130,20,12
913,123,133,21,12
914,124,130,21,12
915,123,133,21,12
916,123,131,21,12
917,123,131,20,12
918,122,131,21,12
919,123,131,20,12
920,124,134,23,12
921,121,136,23,12
922,124,133,22,12
923,124,133,21,12
924,123,133,21,12
925,122,133,22,12
926,123,131,21,12
927,125,134,22,12
928,123,135,23,12
929,123,131,21,12
930,125,131,20,12
931,126,132,21,12
932,126,132,21,12
933,126,132,21,12
934,125,131,21,12
935,124,133,20,12
936,125,135,22,12
937,124,133,22,12
938,124,133,21,12
939,124,132,21,12
940,124,134,22,12
941,124,134,23,12
942,124,134,22,12
943,124,130,22,12
944,123,134,22,12
945,124,132,20,12
946,124,132,22,12
947,124,132,21,12
948,124,133,22,12
949,125,131,21,12
950,122,134,22,12
951,122,132,22,12
952,123,133,23,12
953,123,134,23,12
954,123,131,21,12
955,122,137,25,12
956,122,133,21,12
957,122,131,22,12
958,124,132,21,12
959,124,132,23,12
960,125,130,21,12
961,126,133,21,12
962,126,133,23,12
963,126,134,22,12
964,123,132,22,12
965,125,132,22,12
966,123,132,22,12
967,126,135,23,12
968,123,134,23,12
969,123,131,22,12
970,122,137,25,12
971,124,133,23,12
972,123,135,25,12
973,125,135,23,12
974,123,135,24,12
975,122,133,22,12
976,122,133,22,12
977,122,133,23,12
978,121,135,23,12
979,121,135,23,12
980,123,135,23,12
981,123,134,23,12
982,122,132,23,12
983,123,135,23,12
984,121,133,22,12
985,122,134,23,12
986,122,132,21,12
987,122,132,21,12
988,123,133,22,12
989,123,136,23,12
990,122,135,23,12
991,124,135,23,12
992,123,134,24,12
993,122,135,25,12
994,123,135,22,12
995,123,134,22,12
996,121,132,23,12
997,121,133,24,12
998,122,136,24,12
999,123,136,24,12
1000,122,133,23,12
1001,122,133,23,12
1002,122,132,23,12
1003,122,132,23,12
1004,122,133,22,12
1005,122,133,22,12
1006,122,134,23,12
1007,122,134,22,12
1008,122,133,23,12
1009,122,135,23,12
1010,121,133,22,12
1011,122,132,23,12
1012,122,132,23,12
1013,122,132,23,12
1014,123,133,23,12
1015,120,132,23,12
1016,121,133,22,12
1017,120,136,24,12
1018,120,136,24,12
1019,121,136,24,12
1020,121,134,22,12
1021,123,133,22,12
1022,120,136,24,12
1023,123,135,24,12
1024,121,136,24,12
1025,120,137,25,12
1026,123,135,24,12
1027,121,135,24,12
1028,121,133,23,12
1029,122,136,26,12
1030,119,134,21,12
1031,123,137,25,12
1032,120,137,25,12
1033,122,134,25,12
1034,123,134,24,12
1035,122,136,25,12
1036,125,132,21,12
1037,122,137,25,12
1038,121,134,24,12
1039,122,133,23,12
1040,122,133,24,12
1041,122,134,23,12
1042,122,134,23,12
1043,122,131,22,12
1044,121,132,23,12
1045,120,134,25,12
1046,120,134,25,12
1047,123,136,25,12
1048,120,135,25,12
1049,121,133,24,12
1050,122,136,24,12
1051,122,131,22,12
1052,122,135,24,12
1053,121,135,25,12
1054,123,132,24,12
1055,122,131,21,12
1056,120,134,23,12
1057,121,132,24,12
1058,122,133,24,12
1059,123,134,25,12
1060,121,135,25,12
1061,123,135,25,12
1062,120,135,25,12
1063,122,134,25,12
1064,122,134,25,12
1065,120,135,26,12
1066,120,135,26,12
1067,120,132,24,12
1068,120,132,25,12
1069,120,133,24,12
1070,120,134,24,12
1071,120,134,25,12
1072,120,136,25,12
1073,122,137,26,12
1074,122,135,25,12
1075,119,136,25,12
1076,120,132,23,12
1077,120,132,23,12
1078,121,133,25,12
1079,121,133,25,12
1080,120,133,24,12
1081,123,135,24,12
1082,123,135,25,12
1083,121,134,25,12
1084,122,134,23,12
1085,122,134,23,12
1086,120,132,23,12
1087,120,132,23,12
1088,122,136,25,12
1089,121,132,23,12
1090,120,132,23,12
1091,122,130,22,12
1092,122,135,25,12
1093,123,134,23,12
1094,122,135,24,12
1095,123,133,23,12
1096,121,135,23,12
1097,122,135,23,12
1098,122,135,23,12
1099,120,132,22,12
1100,120,134,25,12
1101,119,134,25,12
1102,121,134,25,12
1103,119,134,23,12
1104,121,135,23,12
1105,120,137,25,12
1106,122,134,23,12
1107,119,134,25,12
1108,121,135,24,12
1109,121,137,24,12
1110,121,137,24,12
1111,122,135,25,12
1112,120,136,25,12
1113,122,134,24,12
1114,121,134,24,12
1115,121,134,24,12
1116,123,135,25,12
1117,122,133,23,12
1118,121,135,24,12
1119,122,135,25,12
1120,122,135,25,12
1121,121,130,24,12
1122,123,133,24,12
1123,121,133,25,12
1124,123,136,25,12
1125,122,134,24,12
1126,122,134,24,12
1127,122,134,24,12
1128,122,135,24,12
1129,121,136,25,12
1130,120,135,25,12
1131,121,137,25,12
1132,123,135,25,12
1133,123,133,23,12
1134,121,136,25,12
1135,122,135,24,12
1136,123,136,25,12
1137,122,136,23,12
1138,123,136,25,12
1139,121,134,24,12
1140,122,133,24,12
1141,123,133,23,12
1142,120,134,25,12
1143,121,136,25,12
1144,121,136,24,12
1145,121,136,24,12
1146,122,136,26,12
1147,122,133,25,12
1148,120,133,25,12
1149,120,133,25,12
1150,120,133,25,12
1151,120,133,25,13
1152,120,133,25,13
1153,112,185,13,13
1154,127,169,22,13
1155,127,169,22,13
1156,127,169,22,14
1157,123,127,22,14
1158,123,127,22,14
1159,118,129,26,14
1160,118,129,26,14
1161,121,134,24,14
1162,121,133,24,14
1163,120,132,24,14
1164,119,135,25,14
1165,124,132,20,14
1166,121,132,23,14
1167,120,136,24,14
1168,121,135,24,14
1169,124,134,22,14
1170,121,132,21,14
1171,124,132,22,14
1172,122,132,21,14
1173,122,134,23,14
1174,123,131,21,14
1175,128,130,21,14
1176,142,129,21,14
1177,149,128,19,14
1178,146,127,18,14
1179,150,127,21,14
1180,146,127,18,14
1181,146,127,18,14
1182,142,126,19,14
1183,133,131,21,14
1184,130,131,21,14
1185,131,131,21,14
1186,130,130,21,14
1187,126,129,20,14
1188,128,128,20,14
1189,130,131,23,14
1190,128,128,22,14
1191,128,132,23,14
1192,130,132,24,14
1193,128,132,25,14
1194,129,130,23,14
1195,130,129,22,14
1196,131,130,20,14
1197,130,129,21,14
1198,128,129,22,14
1199,128,130,24,14
1200,129,132,23,14
1201,131,131,23,14
1202,131,131,23,14
1203,134,132,22,14
1204,134,132,22,14
1205,134,132,22,14
1206,131,134,25,14
1207,134,132,22,14
1208,134,130,22,14
1209,135,131,22,14
1210,132,129,21,14
1211,134,131,21,14
1212,135,130,22,14
1213,134,129,22,14
1214,134,130,21,14
1215,133,129,21,14
1216,135,130,22,14
1217,135,129,21,14
1218,135,132,23,14
1219,135,129,21,14
1220,132,130,20,14
1221,136,128,22,14
1222,135,129,21,14
1223,132,130,20,14
1224,134,131,22,14
1225,133,129,20,14
1226,133,129,22,14
1227,134,129,21,14
1228,135,131,21,14
1229,134,132,21,14
1230,133,129,22,14
1231,135,129,23,14
1232,136,130,22,14
1233,136,130,22,14
1234,134,130,22,14
1235,136,130,23,14
1236,136,129,22,14
1237,135,127,22,14
1238,136,129,22,14
1239,136,129,22,14
1240,136,130,23,14
1241,135,130,23,14
1242,137,127,22,14
1243,135,128,22,14
1244,135,129,22,14
1245,137,127,21,14
1246,137,127,21,14
1247,135,132,23,14
1248,135,132,23,14
1249,134,127,21,14
1250,136,129,22,14
1251,134,130,21,14
1252,136,129,22,14
1253,136,129,23,14
1254,134,130,23,14
1255,134,132,23,14
1256,134,131,23,14
1257,133,131,23,14
1258,135,129,23,14
1259,131,129,21,14
1260,133,130,23,14
1261,136,132,23,14
1262,135,132,23,14
1263,135,131,22,14
1264,135,131,23,14
1265,132,131,21,14
1266,134,129,21,14
1267,134,131,23,14
1268,134,129,22,14
1269,135,131,23,14
1270,135,131,23,14
1271,134,131,23,14
1272,134,133,23,14
1273,129,130,22,14
1274,127,128,21,14
1275,126,134,25,14
1276,123,133,26,14
1277,125,135,26,14
1278,123,134,25,14
1279,125,134,26,14
1280,125,133,25,14
1281,125,133,25,14
1282,125,135,25,14
1283,123,135,25,14
1284,123,135,25,14
1285,122,135,25,14
1286,122,135,25,14
1287,122,136,25,14
1288,120,134,25,14
1289,120,134,25,14
1290,123,134,26,14
1291,123,136,25,14
1292,123,134,25,14
1293,124,134,25,14
1294,124,134,25,14
1295,122,135,26,14
1296,123,134,25,14
1297,123,133,26,14
1298,121,133,25,14
1299,122,134,25,14
1300,123,135,25,14
1301,123,135,25,14
1302,123,134,25,14
1303,123,136,25,14
1304,120,134,24,14
1305,122,135,24,14
1306,123,137,25,14
1307,122,135,23,14
1308,121,134,23,14
1309,123,137,25,14
1310,120,135,25,14
1311,122,133,24,14
1312,121,133,24,14
1313,121,133,22,14
1314,118,131,24,14
1315,118,131,24,14
1316,118,131,24,14
1317,115,204,16,14
1318,115,204,16,15
1319,115,204,16,15
1320,115,204,16,15
1321,115,204,16,16
1322,115,204,16,16
1323,115,204,16,16
1324,115,204,16,17
1325,115,204,16,17
1326,115,204,16,17
1327,115,204,16,18
1328,115,204,16,18
1329,115,204,16,18
1330,115,204,16,19
1331,117,79,20,19
1332,117,79,20,19
1333,118,133,24,19
1334,119,134,25,19
1335,119,134,25,19
1336,119,130,23,19
1337,120,132,21,19
1338,120,132,21,19
1339,123,133,23,19
1340,121,130,22,19
1341,121,132,22,19
1342,122,132,20,19
1343,121,131,21,19
1344,122,131,21,19
1345,123,131,21,19
1346,123,132,22,19
1347,124,132,22,19
1348,121,133,23,19
1349,122,131,22,19
1350,121,130,23,19
1351,125,133,24,19
1352,122,133,23,19
1353,122,134,23,19
1354,123,132,23,19
1355,123,131,24,19
1356,122,133,24,19
1357,123,135,23,19
1358,125,132,22,19
1359,123,132,23,19
1360,122,130,22,19
1361,124,134,24,19
1362,124,127,23,19
1363,124,131,21,19
1364,121,132,20,19
1365,125,134,23,19
1366,123,129,23,19
1367,123,131,23,19
1368,124,130,22,19
1369,123,134,23,19
1370,123,133,23,19
1371,123,133,21,19
1372,123,133,22,19
1373,123,133,22,19
1374,123,134,22,19
1375,125,135,22,19
1376,122,132,22,19
1377,124,133,23,19
1378,123,133,23,19
1379,122,132,22,19
1380,123,134,22,19
1381,125,133,22,19
1382,124,130,22,19
1383,122,131,21,19
1384,124,132,22,19
1385,124,133,22,19
1386,123,133,22,19
1387,123,132,21,19
1388,123,131,22,19
1389,124,132,22,19
1390,122,130,21,19
1391,122,130,21,19
1392,125,132,21,19
1393,124,132,22,19
1394,124,132,20,19
1395,124,132,20,19
1396,122,132,23,19
1397,124,132,22,19
1398,124,133,23,19
1399,122,133,21,19
1400,123,133,22,19
1401,123,132,21,19
1402,125,134,22,19
1403,123,133,22,19
1404,123,132,23,19
1405,124,134,21,19
1406,124,134,21,19
1407,123,132,22,19
1408,124,132,22,19
1409,123,132,21,19
1410,123,132,23,19
1411,126,134,22,19
1412,126,135,22,19
1413,124,134,21,19
1414,124,130,23,19
1415,124,134,21,19
1416,124,131,21,19
1417,124,131,21,19
1418,124,132,23,19
1419,124,132,23,19
1420,124,132,22,19
1421,123,133,23,19
1422,123,134,20,19
1423,123,131,23,19
1424,123,134,21,19
1425,122,132,20,19
1426,123,132,22,19
1427,124,131,21,19
1428,123,132,23,19
1429,124,132,21,19
1430,122,132,21,19
1431,124,133,21,19
1432,122,134,22,19
1433,123,132,22,19
1434,123,132,21,19
1435,123,134,22,19
1436,122,133,22,19
1437,122,133,21,19
1438,122,133,22,19
1439,124,134,21,19
1440,123,136,22,19
1441,126,134,20,19
1442,125,134,21,19
1443,124,134,20,19
1444,123,133,21,19
1445,122,134,22,19
1446,125,134,21,19
1447,126,134,21,19
1448,123,132,21,19
1449,121,132,21,19
1450,124,133,21,19
1451,122,134,22,19
1452,124,132,19,19
1453,124,133,21,19
1454,122,135,22,19
1455,122,135,23,19
1456,124,136,23,19
1457,125,132,21,19
1458,123,134,22,19
1459,122,134,21,19
1460,123,132,21,19
1461,122,133,23,19
1462,122,133,23,19
1463,124,134,23,19
1464,123,132,23,19
1465,123,131,22,19
1466,124,132,22,19
1467,124,132,22,19
1468,121,133,22,19
1469,123,133,21,19
1470,124,134,22,19
1471,124,136,22,19
1472,123,134,23,19
1473,126,136,25,19
1474,123,131,22,19
1475,122,136,23,19
1476,122,133,22,19
1477,123,132,21,19
1478,125,134,23,19
1479,122,134,20,19
1480,124,135,21,19
1481,125,134,20,19
1482,123,131,21,19
1483,125,132,21,19
1484,126,132,20,19
1485,124,133,22,19
1486,124,132,21,19
1487,124,135,21,19
1488,122,132,23,19
1489,124,131,22,19
1490,124,131,21,19
1491,123,133,21,19
1492,124,132,22,19
1493,123,133,22,19
1494,123,132,21,19
1495,124,134,22,19
1496,124,132,21,19
1497,124,135,22,19
1498,124,133,20,19
1499,124,133,21,19
1500,123,133,21,19
1501,125,133,21,19
1502,125,133,21,19
1503,122,133,22,19
1504,124,132,21,19
1505,124,133,22,19
1506,123,134,23,19
1507,125,133,22,19
1508,122,134,23,19
1509,122,132,22,19
1510,123,133,22,19
1511,122,131,22,19
1512,122,133,22,19
1513,123,137,24,19
1514,124,134,22,19
1515,123,136,23,19
1516,124,134,22,19
1517,122,134,22,19
1518,122,133,23,19
1519,122,136,24,19
1520,123,135,22,19
1521,123,134,23,19
1522,123,132,23,19
1523,120,133,21,19
1524,122,136,24,19
1525,122,136,24,19
1526,121,134,22,19
1527,122,134,23,19
1528,123,134,23,19
1529,123,134,22,19
1530,123,134,23,19
1531,123,133,23,19
1532,125,131,22,19
1533,125,135,23,19
1534,124,135,23,19
1535,124,133,22,19
1536,125,134,23,19
1537,123,135,22,19
1538,124,137,24,19
1539,123,135,24,19
1540,120,134,22,19
1541,117,131,21,19
1542,117,131,21,19
1543,117,131,21,20
1544,117,131,21,20
1545,117,131,21,20
1546,117,131,21,21
1547,117,131,21,21
1548,120,202,17,21
1549,120,202,17,21
1550,111,185,19,21
1551,111,185,19,22
1552,111,185,19,22
1553,103,104,26,22
1554,131,132,15,22
1555,127,128,21,22
1556,127,128,21,22
1557,127,128,21,23
1558,120,132,25,23
1559,120,132,25,23
1560,121,131,23,23
1561,122,132,23,23
1562,121,132,23,23
1563,124,133,23,23
1564,125,130,21,23
1565,125,131,21,23
1566,125,131,21,23
1567,125,131,21,23
1568,123,133,22,23
1569,126,131,20,23
1570,125,132,20,23
1571,125,132,20,23
1572,125,131,22,23
1573,125,131,22,23
1574,125,134,23,23
1575,124,133,22,23
1576,123,132,23,23
1577,125,132,22,23
1578,124,132,23,23
1579,123,133,23,23
1580,124,131,22,23
1581,124,131,22,23
1582,123,133,22,23
1583,123,133,22,23
1584,125,133,22,23
1585,125,133,22,23
1586,124,132,22,23
1587,125,133,22,23
1588,125,131,22,23
1589,123,135,22,23
1590,123,133,22,23
1591,124,135,22,23
1592,123,134,20,23
1593,121,135,22,23
1594,122,133,20,23
1595,122,133,21,23
1596,122,132,22,23
1597,122,133,21,23
1598,122,133,21,23
1599,121,135,22,23
1600,122,134,21,23
1601,122,137,21,23
1602,124,132,19,23
1603,124,136,23,23
1604,120,133,22,23
1605,123,136,23,23
1606,121,134,23,23
1607,124,134,21,23
1608,122,132,21,23
1609,121,134,23,23
1610,121,132,22,23
1611,121,132,22,23
1612,123,132,21,23
1613,121,133,22,23
1614,120,132,21,23
1615,123,133,21,23
1616,122,134,21,23
1617,123,134,22,23
1618,122,135,22,23
1619,124,136,22,23
1620,123,132,22,23
1621,126,136,22,23
1622,125,133,21,23
1623,125,133,21,23
1624,122,132,22,23
1625,123,135,22,23
1626,124,134,22,23
1627,123,133,22,23
1628,123,132,22,23
1629,123,135,22,23
1630,123,130,22,23
1631,123,134,22,23
1632,123,134,21,23
1633,125,134,21,23
1634,122,133,22,23
1635,124,133,22,23
1636,123,134,22,23
1637,124,134,23,23
1638,123,134,23,23
1639,122,135,22,23
1640,124,134,22,23
1641,121,134,21,23
1642,125,133,21,23
1643,125,134,21,23
1644,123,133,21,23
1645,124,135,21,23
1646,124,133,21,23
1647,123,135,22,23
1648,123,133,21,23
1649,124,135,23,23
1650,122,136,23,23
1651,126,135,21,23
1652,123,136,22,23
1653,123,135,20,23
1654,124,133,21,23
1655,123,135,21,23
1656,123,134,21,23
1657,121,133,22,23
1658,124,133,22,23
1659,122,134,23,23
1660,122,134,22,23
1661,122,133,22,23
1662,122,134,22,23
1663,121,133,22,23
1664,121,133,21,23
1665,120,133,21,23
1666,123,136,23,23
1667,122,135,21,23
1668,124,135,22,23
1669,124,136,22,23
1670,122,134,22,23
1671,121,134,22,23
1672,121,132,22,23
1673,123,133,22,23
1674,122,134,21,23
1675,121,135,22,23
1676,120,137,23,23
1677,123,136,23,23
1678,121,134,22,23
1679,122,133,22,23
1680,122,134,22,23
1681,123,136,22,23
1682,122,134,21,23
1683,122,136,22,23
1684,123,133,22,23
1685,122,133,22,23
1686,121,132,23,23
1687,122,132,23,23
1688,122,133,22,23
1689,121,134,23,23
1690,122,132,22,23
1691,121,133,22,23
1692,123,131,22,23
1693,123,133,21,23
1694,122,132,22,23
1695,121,134,24,23
1696,122,132,23,23
1697,121,132,21,23
1698,123,133,22,23
1699,123,132,22,23
1700,124,132,22,23
1701,122,133,21,23
1702,122,133,21,23
1703,124,133,21,23
1704,122,134,21,23
1705,124,133,23,23
1706,122,132,23,23
1707,122,133,23,23
1708,123,131,23,23
1709,122,134,22,23
1710,123,133,21,23
1711,121,135,23,23
1712,120,133,22,23
1713,120,134,24,23
1714,121,133,23,23
1715,122,133,23,23
1716,121,131,22,23
1717,122,134,22,23
1718,120,135,24,23
1719,122,132,22,23
1720,121,132,23,23
1721,117,134,23,23
1722,113,131,24,23
1723,121,134,23,23
1724,107,160,26,23
1725,86,168,19,23
1726,88,62,27,23
1727,88,62,27,23
1728,88,62,27,23
1729,88,62,27,24
1730,124,128,21,24
1731,117,125,25,24
1732,117,125,25,24
1733,123,61,26,24
1734,119,129,23,24
1735,120,134,24,24
1736,120,133,23,24
1737,117,134,25,24
1738,121,131,23,24
1739,122,132,23,24
1740,123,132,23,24
1741,123,132,23,24
1742,122,131,22,24
1743,123,135,25,24
1744,123,130,23,24
1745,123,130,23,24
1746,121,131,21,24
1747,123,132,22,24
1748,122,131,22,24
1749,121,132,21,24
1750,122,135,22,24
1751,121,134,22,24
1752,122,131,22,24
1753,122,134,21,24
1754,122,134,21,24
1755,122,135,23,24
1756,122,131,22,24
1757,124,135,22,24
1758,122,134,22,24
1759,121,135,24,24
1760,123,133,22,24
1761,123,132,22,24
1762,122,133,23,24
1763,123,133,22,24
1764,123,134,23,24
1765,121,134,22,24
1766,122,133,22,24
1767,121,135,21,24
1768,122,137,23,24
1769,122,133,21,24
1770,122,132,22,24
1771,124,134,23,24
1772,123,133,22,24
1773,124,136,22,24
1774,123,133,22,24
1775,123,133,22,24
1776,122,133,22,24
1777,124,134,23,24
1778,122,135,23,24
1779,122,135,23,24
1780,122,136,24,24
1781,123,134,22,24
1782,122,133,23,24
1783,122,134,22,24
1784,121,134,23,24
1785,122,135,23,24
1786,123,132,22,24
1787,122,133,23,24
1788,122,133,23,24
1789,121,135,24,24
1790,121,133,22,24
1791,119,136,21,24
1792,122,135,21,24
1793,124,135,23,24
1794,122,135,22,24
1795,123,136,24,24
1796,124,135,22,24
1797,122,136,23,24
1798,122,135,24,24
1799,122,134,22,24
1800,124,135,23,24
1801,125,134,22,24
1802,123,133,21,24
1803,122,133,22,24
1804,123,133,23,24
1805,122,132,22,24
1806,123,136,23,24
1807,122,135,23,24
1808,121,133,22,24
1809,120,134,22,24
1810,122,136,23,24
1811,122,136,23,24
1812,120,134,21,24
1813,123,135,22,24
1814,121,136,23,24
1815,124,137,23,24
1816,124,137,23,24
